"trait1"	"locus_id1"	"trait2"	"locus_id2"
"1"	"trunk_grl"	3	"femur_grl"	1
"2"	"trunk_grl"	4	"femur_grl"	2
"3"	"trunk_grl"	14	"femur_grl"	3
"4"	"trunk_grl"	16	"femur_grl"	4
"5"	"trunk_grl"	19	"femur_grl"	5
"6"	"trunk_grl"	25	"femur_grl"	6
"7"	"trunk_grl"	27	"femur_grl"	7
"8"	"trunk_grl"	30	"femur_grl"	8
"9"	"trunk_grl"	33	"femur_grl"	9
"10"	"trunk_grl"	33	"femur_grl"	10
"11"	"trunk_grl"	34	"femur_grl"	12
"12"	"trunk_grl"	37	"femur_grl"	14
"13"	"trunk_grl"	39	"femur_grl"	15
"14"	"trunk_grl"	43	"femur_grl"	17
"15"	"trunk_grl"	51	"femur_grl"	18
"16"	"trunk_grl"	55	"femur_grl"	20
"17"	"trunk_grl"	56	"femur_grl"	22
"18"	"trunk_grl"	57	"femur_grl"	23
"19"	"trunk_grl"	61	"femur_grl"	24
"20"	"trunk_grl"	65	"femur_grl"	25
"21"	"trunk_grl"	66	"femur_grl"	26
"22"	"trunk_grl"	68	"femur_grl"	27
"23"	"trunk_grl"	71	"femur_grl"	29
"24"	"trunk_grl"	74	"femur_grl"	30
"25"	"trunk_grl"	75	"femur_grl"	31
"26"	"trunk_grl"	76	"femur_grl"	32
"27"	"trunk_grl"	77	"femur_grl"	33
"28"	"trunk_grl"	79	"femur_grl"	34
"29"	"trunk_grl"	87	"femur_grl"	35
"30"	"trunk_grl"	89	"femur_grl"	36
"31"	"trunk_grl"	90	"femur_grl"	37
"32"	"trunk_grl"	91	"femur_grl"	38
"33"	"trunk_grl"	94	"femur_grl"	40
"34"	"trunk_grl"	97	"femur_grl"	41
"35"	"trunk_grl"	102	"femur_grl"	42
"36"	"trunk_grl"	107	"femur_grl"	43
"37"	"trunk_grl"	118	"femur_grl"	47
"38"	"trunk_grl"	120	"femur_grl"	48
"39"	"trunk_grl"	121	"femur_grl"	50
"40"	"trunk_grl"	123	"femur_grl"	51
"41"	"trunk_grl"	124	"femur_grl"	52
"42"	"trunk_grl"	126	"femur_grl"	53
"43"	"trunk_grl"	127	"femur_grl"	54
"44"	"trunk_grl"	133	"femur_grl"	55
"45"	"trunk_grl"	134	"femur_grl"	55
"46"	"trunk_grl"	135	"femur_grl"	56
"47"	"trunk_grl"	139	"femur_grl"	57
"48"	"trunk_grl"	140	"femur_grl"	58
"49"	"trunk_grl"	144	"femur_grl"	59
"50"	"trunk_grl"	149	"femur_grl"	60
"51"	"trunk_grl"	152	"femur_grl"	62
"52"	"trunk_grl"	154	"femur_grl"	63
"53"	"trunk_grl"	157	"femur_grl"	64
"54"	"trunk_grl"	161	"femur_grl"	65
"55"	"trunk_grl"	162	"femur_grl"	66
"56"	"trunk_grl"	168	"femur_grl"	68
"57"	"trunk_grl"	172	"femur_grl"	69
"58"	"trunk_grl"	173	"femur_grl"	71
"59"	"trunk_grl"	178	"femur_grl"	72
"60"	"trunk_grl"	186	"femur_grl"	73
"61"	"trunk_grl"	188	"femur_grl"	74
"62"	"trunk_grl"	191	"femur_grl"	75
"63"	"trunk_grl"	192	"femur_grl"	76
"64"	"trunk_grl"	198	"femur_grl"	77
"65"	"trunk_grl"	200	"femur_grl"	78
"66"	"trunk_grl"	202	"femur_grl"	79
"67"	"trunk_grl"	207	"femur_grl"	80
"68"	"trunk_grl"	210	"femur_grl"	81
"69"	"trunk_grl"	219	"femur_grl"	84
"70"	"trunk_grl"	225	"femur_grl"	86
"71"	"trunk_grl"	226	"femur_grl"	87
"72"	"trunk_grl"	230	"femur_grl"	88
"73"	"trunk_grl"	232	"femur_grl"	89
"74"	"trunk_grl"	236	"femur_grl"	90
"75"	"trunk_grl"	242	"femur_grl"	91
"76"	"trunk_grl"	243	"femur_grl"	92
"77"	"trunk_grl"	250	"femur_grl"	93
"78"	"trunk_grl"	255	"femur_grl"	94
"79"	"trunk_grl"	262	"femur_grl"	95
"80"	"trunk_grl"	265	"femur_grl"	96
"81"	"trunk_grl"	268	"femur_grl"	98
"82"	"trunk_grl"	269	"femur_grl"	99
"83"	"trunk_grl"	275	"femur_grl"	101
"84"	"trunk_grl"	276	"femur_grl"	104
"85"	"trunk_grl"	278	"femur_grl"	105
"86"	"trunk_grl"	279	"femur_grl"	106
"87"	"trunk_grl"	282	"femur_grl"	107
"88"	"trunk_grl"	283	"femur_grl"	108
"89"	"trunk_grl"	284	"femur_grl"	109
"90"	"trunk_grl"	295	"femur_grl"	112
"91"	"trunk_grl"	301	"femur_grl"	113
"92"	"trunk_grl"	301	"femur_grl"	114
"93"	"trunk_grl"	303	"femur_grl"	115
"94"	"trunk_grl"	304	"femur_grl"	116
"95"	"trunk_grl"	305	"femur_grl"	117
"96"	"trunk_grl"	307	"femur_grl"	118
"97"	"trunk_grl"	308	"femur_grl"	120
"98"	"trunk_grl"	310	"femur_grl"	121
"99"	"trunk_grl"	315	"femur_grl"	125
"100"	"trunk_grl"	319	"femur_grl"	126
"101"	"trunk_grl"	323	"femur_grl"	127
"102"	"trunk_grl"	324	"femur_grl"	128
"103"	"trunk_grl"	330	"femur_grl"	129
"104"	"trunk_grl"	2	"FI_grl"	1
"105"	"trunk_grl"	3	"FI_grl"	2
"106"	"trunk_grl"	7	"FI_grl"	3
"107"	"trunk_grl"	11	"FI_grl"	4
"108"	"trunk_grl"	16	"FI_grl"	6
"109"	"trunk_grl"	17	"FI_grl"	7
"110"	"trunk_grl"	33	"FI_grl"	9
"111"	"trunk_grl"	38	"FI_grl"	11
"112"	"trunk_grl"	41	"FI_grl"	12
"113"	"trunk_grl"	63	"FI_grl"	19
"114"	"trunk_grl"	77	"FI_grl"	20
"115"	"trunk_grl"	87	"FI_grl"	21
"116"	"trunk_grl"	94	"FI_grl"	23
"117"	"trunk_grl"	103	"FI_grl"	24
"118"	"trunk_grl"	105	"FI_grl"	25
"119"	"trunk_grl"	118	"FI_grl"	28
"120"	"trunk_grl"	139	"FI_grl"	29
"121"	"trunk_grl"	152	"FI_grl"	30
"122"	"trunk_grl"	161	"FI_grl"	31
"123"	"trunk_grl"	198	"FI_grl"	40
"124"	"trunk_grl"	199	"FI_grl"	41
"125"	"trunk_grl"	202	"FI_grl"	42
"126"	"trunk_grl"	211	"FI_grl"	44
"127"	"trunk_grl"	214	"FI_grl"	45
"128"	"trunk_grl"	215	"FI_grl"	45
"129"	"trunk_grl"	218	"FI_grl"	46
"130"	"trunk_grl"	232	"FI_grl"	48
"131"	"trunk_grl"	240	"FI_grl"	49
"132"	"trunk_grl"	242	"FI_grl"	50
"133"	"trunk_grl"	248	"FI_grl"	52
"134"	"trunk_grl"	284	"FI_grl"	58
"135"	"trunk_grl"	301	"FI_grl"	62
"136"	"trunk_grl"	301	"FI_grl"	63
"137"	"trunk_grl"	314	"FI_grl"	64
"138"	"trunk_grl"	329	"FI_grl"	67
"139"	"trunk_grl"	335	"FI_grl"	68
"140"	"trunk_grl"	3	"forearm_grl"	1
"141"	"trunk_grl"	4	"forearm_grl"	2
"142"	"trunk_grl"	12	"forearm_grl"	3
"143"	"trunk_grl"	16	"forearm_grl"	4
"144"	"trunk_grl"	20	"forearm_grl"	5
"145"	"trunk_grl"	23	"forearm_grl"	7
"146"	"trunk_grl"	25	"forearm_grl"	8
"147"	"trunk_grl"	26	"forearm_grl"	9
"148"	"trunk_grl"	27	"forearm_grl"	10
"149"	"trunk_grl"	30	"forearm_grl"	11
"150"	"trunk_grl"	33	"forearm_grl"	12
"151"	"trunk_grl"	34	"forearm_grl"	13
"152"	"trunk_grl"	37	"forearm_grl"	14
"153"	"trunk_grl"	39	"forearm_grl"	15
"154"	"trunk_grl"	40	"forearm_grl"	16
"155"	"trunk_grl"	42	"forearm_grl"	18
"156"	"trunk_grl"	43	"forearm_grl"	19
"157"	"trunk_grl"	55	"forearm_grl"	21
"158"	"trunk_grl"	56	"forearm_grl"	23
"159"	"trunk_grl"	57	"forearm_grl"	24
"160"	"trunk_grl"	65	"forearm_grl"	25
"161"	"trunk_grl"	66	"forearm_grl"	26
"162"	"trunk_grl"	71	"forearm_grl"	27
"163"	"trunk_grl"	74	"forearm_grl"	28
"164"	"trunk_grl"	75	"forearm_grl"	29
"165"	"trunk_grl"	76	"forearm_grl"	30
"166"	"trunk_grl"	77	"forearm_grl"	31
"167"	"trunk_grl"	87	"forearm_grl"	32
"168"	"trunk_grl"	89	"forearm_grl"	33
"169"	"trunk_grl"	97	"forearm_grl"	34
"170"	"trunk_grl"	102	"forearm_grl"	35
"171"	"trunk_grl"	111	"forearm_grl"	38
"172"	"trunk_grl"	118	"forearm_grl"	42
"173"	"trunk_grl"	123	"forearm_grl"	44
"174"	"trunk_grl"	124	"forearm_grl"	45
"175"	"trunk_grl"	126	"forearm_grl"	46
"176"	"trunk_grl"	127	"forearm_grl"	47
"177"	"trunk_grl"	127	"forearm_grl"	48
"178"	"trunk_grl"	129	"forearm_grl"	49
"179"	"trunk_grl"	135	"forearm_grl"	50
"180"	"trunk_grl"	140	"forearm_grl"	51
"181"	"trunk_grl"	144	"forearm_grl"	52
"182"	"trunk_grl"	146	"forearm_grl"	53
"183"	"trunk_grl"	149	"forearm_grl"	54
"184"	"trunk_grl"	152	"forearm_grl"	55
"185"	"trunk_grl"	154	"forearm_grl"	57
"186"	"trunk_grl"	161	"forearm_grl"	58
"187"	"trunk_grl"	162	"forearm_grl"	59
"188"	"trunk_grl"	168	"forearm_grl"	62
"189"	"trunk_grl"	173	"forearm_grl"	64
"190"	"trunk_grl"	175	"forearm_grl"	65
"191"	"trunk_grl"	180	"forearm_grl"	66
"192"	"trunk_grl"	185	"forearm_grl"	67
"193"	"trunk_grl"	192	"forearm_grl"	68
"194"	"trunk_grl"	198	"forearm_grl"	69
"195"	"trunk_grl"	200	"forearm_grl"	70
"196"	"trunk_grl"	202	"forearm_grl"	71
"197"	"trunk_grl"	218	"forearm_grl"	72
"198"	"trunk_grl"	224	"forearm_grl"	76
"199"	"trunk_grl"	225	"forearm_grl"	77
"200"	"trunk_grl"	236	"forearm_grl"	78
"201"	"trunk_grl"	242	"forearm_grl"	79
"202"	"trunk_grl"	245	"forearm_grl"	80
"203"	"trunk_grl"	246	"forearm_grl"	81
"204"	"trunk_grl"	255	"forearm_grl"	82
"205"	"trunk_grl"	265	"forearm_grl"	83
"206"	"trunk_grl"	268	"forearm_grl"	85
"207"	"trunk_grl"	269	"forearm_grl"	86
"208"	"trunk_grl"	275	"forearm_grl"	87
"209"	"trunk_grl"	276	"forearm_grl"	88
"210"	"trunk_grl"	277	"forearm_grl"	89
"211"	"trunk_grl"	278	"forearm_grl"	90
"212"	"trunk_grl"	279	"forearm_grl"	91
"213"	"trunk_grl"	281	"forearm_grl"	92
"214"	"trunk_grl"	282	"forearm_grl"	93
"215"	"trunk_grl"	295	"forearm_grl"	96
"216"	"trunk_grl"	301	"forearm_grl"	97
"217"	"trunk_grl"	304	"forearm_grl"	98
"218"	"trunk_grl"	305	"forearm_grl"	99
"219"	"trunk_grl"	310	"forearm_grl"	100
"220"	"trunk_grl"	315	"forearm_grl"	102
"221"	"trunk_grl"	316	"forearm_grl"	103
"222"	"trunk_grl"	329	"forearm_grl"	104
"223"	"trunk_grl"	330	"forearm_grl"	105
"224"	"trunk_grl"	334	"forearm_grl"	107
"225"	"trunk_grl"	1	"height_grl"	1
"226"	"trunk_grl"	2	"height_grl"	1
"227"	"trunk_grl"	3	"height_grl"	3
"228"	"trunk_grl"	3	"height_grl"	4
"229"	"trunk_grl"	4	"height_grl"	6
"230"	"trunk_grl"	5	"height_grl"	7
"231"	"trunk_grl"	6	"height_grl"	8
"232"	"trunk_grl"	7	"height_grl"	8
"233"	"trunk_grl"	7	"height_grl"	9
"234"	"trunk_grl"	8	"height_grl"	11
"235"	"trunk_grl"	9	"height_grl"	14
"236"	"trunk_grl"	10	"height_grl"	17
"237"	"trunk_grl"	11	"height_grl"	18
"238"	"trunk_grl"	12	"height_grl"	18
"239"	"trunk_grl"	12	"height_grl"	19
"240"	"trunk_grl"	13	"height_grl"	21
"241"	"trunk_grl"	14	"height_grl"	22
"242"	"trunk_grl"	15	"height_grl"	22
"243"	"trunk_grl"	15	"height_grl"	23
"244"	"trunk_grl"	16	"height_grl"	23
"245"	"trunk_grl"	16	"height_grl"	24
"246"	"trunk_grl"	17	"height_grl"	25
"247"	"trunk_grl"	18	"height_grl"	27
"248"	"trunk_grl"	19	"height_grl"	32
"249"	"trunk_grl"	20	"height_grl"	34
"250"	"trunk_grl"	21	"height_grl"	35
"251"	"trunk_grl"	22	"height_grl"	36
"252"	"trunk_grl"	23	"height_grl"	39
"253"	"trunk_grl"	24	"height_grl"	39
"254"	"trunk_grl"	25	"height_grl"	42
"255"	"trunk_grl"	26	"height_grl"	48
"256"	"trunk_grl"	27	"height_grl"	49
"257"	"trunk_grl"	28	"height_grl"	51
"258"	"trunk_grl"	29	"height_grl"	53
"259"	"trunk_grl"	30	"height_grl"	54
"260"	"trunk_grl"	31	"height_grl"	60
"261"	"trunk_grl"	32	"height_grl"	64
"262"	"trunk_grl"	33	"height_grl"	65
"263"	"trunk_grl"	33	"height_grl"	66
"264"	"trunk_grl"	34	"height_grl"	70
"265"	"trunk_grl"	35	"height_grl"	77
"266"	"trunk_grl"	36	"height_grl"	79
"267"	"trunk_grl"	37	"height_grl"	83
"268"	"trunk_grl"	38	"height_grl"	84
"269"	"trunk_grl"	39	"height_grl"	86
"270"	"trunk_grl"	40	"height_grl"	87
"271"	"trunk_grl"	41	"height_grl"	89
"272"	"trunk_grl"	42	"height_grl"	90
"273"	"trunk_grl"	43	"height_grl"	92
"274"	"trunk_grl"	44	"height_grl"	97
"275"	"trunk_grl"	45	"height_grl"	99
"276"	"trunk_grl"	46	"height_grl"	102
"277"	"trunk_grl"	46	"height_grl"	103
"278"	"trunk_grl"	47	"height_grl"	104
"279"	"trunk_grl"	48	"height_grl"	107
"280"	"trunk_grl"	49	"height_grl"	111
"281"	"trunk_grl"	50	"height_grl"	120
"282"	"trunk_grl"	51	"height_grl"	121
"283"	"trunk_grl"	52	"height_grl"	124
"284"	"trunk_grl"	53	"height_grl"	129
"285"	"trunk_grl"	54	"height_grl"	133
"286"	"trunk_grl"	55	"height_grl"	138
"287"	"trunk_grl"	56	"height_grl"	142
"288"	"trunk_grl"	57	"height_grl"	143
"289"	"trunk_grl"	58	"height_grl"	147
"290"	"trunk_grl"	59	"height_grl"	149
"291"	"trunk_grl"	60	"height_grl"	150
"292"	"trunk_grl"	60	"height_grl"	151
"293"	"trunk_grl"	61	"height_grl"	152
"294"	"trunk_grl"	62	"height_grl"	160
"295"	"trunk_grl"	63	"height_grl"	161
"296"	"trunk_grl"	64	"height_grl"	162
"297"	"trunk_grl"	65	"height_grl"	164
"298"	"trunk_grl"	66	"height_grl"	164
"299"	"trunk_grl"	67	"height_grl"	165
"300"	"trunk_grl"	68	"height_grl"	165
"301"	"trunk_grl"	69	"height_grl"	166
"302"	"trunk_grl"	70	"height_grl"	168
"303"	"trunk_grl"	71	"height_grl"	169
"304"	"trunk_grl"	71	"height_grl"	170
"305"	"trunk_grl"	72	"height_grl"	172
"306"	"trunk_grl"	73	"height_grl"	176
"307"	"trunk_grl"	74	"height_grl"	183
"308"	"trunk_grl"	75	"height_grl"	185
"309"	"trunk_grl"	76	"height_grl"	186
"310"	"trunk_grl"	77	"height_grl"	188
"311"	"trunk_grl"	78	"height_grl"	190
"312"	"trunk_grl"	79	"height_grl"	195
"313"	"trunk_grl"	80	"height_grl"	198
"314"	"trunk_grl"	81	"height_grl"	199
"315"	"trunk_grl"	82	"height_grl"	200
"316"	"trunk_grl"	83	"height_grl"	204
"317"	"trunk_grl"	84	"height_grl"	205
"318"	"trunk_grl"	85	"height_grl"	207
"319"	"trunk_grl"	86	"height_grl"	209
"320"	"trunk_grl"	87	"height_grl"	211
"321"	"trunk_grl"	88	"height_grl"	214
"322"	"trunk_grl"	89	"height_grl"	217
"323"	"trunk_grl"	90	"height_grl"	220
"324"	"trunk_grl"	91	"height_grl"	222
"325"	"trunk_grl"	92	"height_grl"	224
"326"	"trunk_grl"	94	"height_grl"	229
"327"	"trunk_grl"	95	"height_grl"	230
"328"	"trunk_grl"	96	"height_grl"	235
"329"	"trunk_grl"	97	"height_grl"	241
"330"	"trunk_grl"	98	"height_grl"	243
"331"	"trunk_grl"	99	"height_grl"	243
"332"	"trunk_grl"	99	"height_grl"	244
"333"	"trunk_grl"	100	"height_grl"	249
"334"	"trunk_grl"	101	"height_grl"	251
"335"	"trunk_grl"	102	"height_grl"	255
"336"	"trunk_grl"	103	"height_grl"	256
"337"	"trunk_grl"	103	"height_grl"	257
"338"	"trunk_grl"	104	"height_grl"	257
"339"	"trunk_grl"	105	"height_grl"	258
"340"	"trunk_grl"	106	"height_grl"	259
"341"	"trunk_grl"	107	"height_grl"	263
"342"	"trunk_grl"	108	"height_grl"	268
"343"	"trunk_grl"	109	"height_grl"	271
"344"	"trunk_grl"	110	"height_grl"	274
"345"	"trunk_grl"	111	"height_grl"	281
"346"	"trunk_grl"	112	"height_grl"	284
"347"	"trunk_grl"	113	"height_grl"	287
"348"	"trunk_grl"	114	"height_grl"	288
"349"	"trunk_grl"	115	"height_grl"	291
"350"	"trunk_grl"	115	"height_grl"	292
"351"	"trunk_grl"	116	"height_grl"	292
"352"	"trunk_grl"	117	"height_grl"	301
"353"	"trunk_grl"	118	"height_grl"	302
"354"	"trunk_grl"	119	"height_grl"	303
"355"	"trunk_grl"	120	"height_grl"	304
"356"	"trunk_grl"	121	"height_grl"	305
"357"	"trunk_grl"	122	"height_grl"	307
"358"	"trunk_grl"	123	"height_grl"	308
"359"	"trunk_grl"	124	"height_grl"	310
"360"	"trunk_grl"	124	"height_grl"	311
"361"	"trunk_grl"	125	"height_grl"	312
"362"	"trunk_grl"	126	"height_grl"	314
"363"	"trunk_grl"	127	"height_grl"	315
"364"	"trunk_grl"	128	"height_grl"	317
"365"	"trunk_grl"	129	"height_grl"	319
"366"	"trunk_grl"	130	"height_grl"	320
"367"	"trunk_grl"	131	"height_grl"	323
"368"	"trunk_grl"	132	"height_grl"	328
"369"	"trunk_grl"	133	"height_grl"	329
"370"	"trunk_grl"	134	"height_grl"	329
"371"	"trunk_grl"	135	"height_grl"	333
"372"	"trunk_grl"	136	"height_grl"	334
"373"	"trunk_grl"	137	"height_grl"	334
"374"	"trunk_grl"	138	"height_grl"	337
"375"	"trunk_grl"	139	"height_grl"	339
"376"	"trunk_grl"	140	"height_grl"	340
"377"	"trunk_grl"	141	"height_grl"	342
"378"	"trunk_grl"	142	"height_grl"	345
"379"	"trunk_grl"	142	"height_grl"	346
"380"	"trunk_grl"	143	"height_grl"	346
"381"	"trunk_grl"	144	"height_grl"	349
"382"	"trunk_grl"	145	"height_grl"	352
"383"	"trunk_grl"	146	"height_grl"	353
"384"	"trunk_grl"	147	"height_grl"	355
"385"	"trunk_grl"	148	"height_grl"	356
"386"	"trunk_grl"	149	"height_grl"	357
"387"	"trunk_grl"	150	"height_grl"	360
"388"	"trunk_grl"	151	"height_grl"	362
"389"	"trunk_grl"	152	"height_grl"	363
"390"	"trunk_grl"	152	"height_grl"	364
"391"	"trunk_grl"	153	"height_grl"	367
"392"	"trunk_grl"	153	"height_grl"	368
"393"	"trunk_grl"	154	"height_grl"	370
"394"	"trunk_grl"	155	"height_grl"	372
"395"	"trunk_grl"	156	"height_grl"	374
"396"	"trunk_grl"	157	"height_grl"	377
"397"	"trunk_grl"	158	"height_grl"	379
"398"	"trunk_grl"	159	"height_grl"	380
"399"	"trunk_grl"	160	"height_grl"	388
"400"	"trunk_grl"	161	"height_grl"	389
"401"	"trunk_grl"	161	"height_grl"	390
"402"	"trunk_grl"	162	"height_grl"	391
"403"	"trunk_grl"	163	"height_grl"	392
"404"	"trunk_grl"	164	"height_grl"	392
"405"	"trunk_grl"	165	"height_grl"	394
"406"	"trunk_grl"	166	"height_grl"	401
"407"	"trunk_grl"	167	"height_grl"	403
"408"	"trunk_grl"	168	"height_grl"	404
"409"	"trunk_grl"	169	"height_grl"	405
"410"	"trunk_grl"	170	"height_grl"	411
"411"	"trunk_grl"	171	"height_grl"	414
"412"	"trunk_grl"	172	"height_grl"	414
"413"	"trunk_grl"	173	"height_grl"	423
"414"	"trunk_grl"	174	"height_grl"	429
"415"	"trunk_grl"	174	"height_grl"	430
"416"	"trunk_grl"	175	"height_grl"	431
"417"	"trunk_grl"	176	"height_grl"	438
"418"	"trunk_grl"	177	"height_grl"	439
"419"	"trunk_grl"	178	"height_grl"	440
"420"	"trunk_grl"	179	"height_grl"	444
"421"	"trunk_grl"	179	"height_grl"	445
"422"	"trunk_grl"	180	"height_grl"	445
"423"	"trunk_grl"	181	"height_grl"	447
"424"	"trunk_grl"	182	"height_grl"	449
"425"	"trunk_grl"	183	"height_grl"	449
"426"	"trunk_grl"	184	"height_grl"	451
"427"	"trunk_grl"	185	"height_grl"	454
"428"	"trunk_grl"	185	"height_grl"	455
"429"	"trunk_grl"	186	"height_grl"	463
"430"	"trunk_grl"	187	"height_grl"	464
"431"	"trunk_grl"	188	"height_grl"	466
"432"	"trunk_grl"	189	"height_grl"	467
"433"	"trunk_grl"	190	"height_grl"	469
"434"	"trunk_grl"	191	"height_grl"	469
"435"	"trunk_grl"	192	"height_grl"	473
"436"	"trunk_grl"	193	"height_grl"	474
"437"	"trunk_grl"	194	"height_grl"	475
"438"	"trunk_grl"	195	"height_grl"	476
"439"	"trunk_grl"	196	"height_grl"	482
"440"	"trunk_grl"	197	"height_grl"	484
"441"	"trunk_grl"	198	"height_grl"	485
"442"	"trunk_grl"	199	"height_grl"	487
"443"	"trunk_grl"	200	"height_grl"	488
"444"	"trunk_grl"	201	"height_grl"	491
"445"	"trunk_grl"	202	"height_grl"	493
"446"	"trunk_grl"	203	"height_grl"	501
"447"	"trunk_grl"	204	"height_grl"	507
"448"	"trunk_grl"	205	"height_grl"	509
"449"	"trunk_grl"	206	"height_grl"	510
"450"	"trunk_grl"	207	"height_grl"	511
"451"	"trunk_grl"	208	"height_grl"	515
"452"	"trunk_grl"	209	"height_grl"	515
"453"	"trunk_grl"	210	"height_grl"	515
"454"	"trunk_grl"	211	"height_grl"	517
"455"	"trunk_grl"	212	"height_grl"	519
"456"	"trunk_grl"	213	"height_grl"	522
"457"	"trunk_grl"	214	"height_grl"	524
"458"	"trunk_grl"	214	"height_grl"	525
"459"	"trunk_grl"	215	"height_grl"	525
"460"	"trunk_grl"	216	"height_grl"	527
"461"	"trunk_grl"	217	"height_grl"	529
"462"	"trunk_grl"	218	"height_grl"	530
"463"	"trunk_grl"	219	"height_grl"	536
"464"	"trunk_grl"	219	"height_grl"	537
"465"	"trunk_grl"	220	"height_grl"	541
"466"	"trunk_grl"	221	"height_grl"	543
"467"	"trunk_grl"	222	"height_grl"	544
"468"	"trunk_grl"	223	"height_grl"	548
"469"	"trunk_grl"	224	"height_grl"	551
"470"	"trunk_grl"	225	"height_grl"	555
"471"	"trunk_grl"	226	"height_grl"	557
"472"	"trunk_grl"	227	"height_grl"	567
"473"	"trunk_grl"	228	"height_grl"	570
"474"	"trunk_grl"	229	"height_grl"	571
"475"	"trunk_grl"	230	"height_grl"	573
"476"	"trunk_grl"	231	"height_grl"	574
"477"	"trunk_grl"	232	"height_grl"	578
"478"	"trunk_grl"	233	"height_grl"	579
"479"	"trunk_grl"	234	"height_grl"	581
"480"	"trunk_grl"	235	"height_grl"	583
"481"	"trunk_grl"	236	"height_grl"	585
"482"	"trunk_grl"	237	"height_grl"	589
"483"	"trunk_grl"	238	"height_grl"	590
"484"	"trunk_grl"	239	"height_grl"	592
"485"	"trunk_grl"	240	"height_grl"	593
"486"	"trunk_grl"	241	"height_grl"	594
"487"	"trunk_grl"	242	"height_grl"	597
"488"	"trunk_grl"	243	"height_grl"	598
"489"	"trunk_grl"	244	"height_grl"	599
"490"	"trunk_grl"	245	"height_grl"	603
"491"	"trunk_grl"	246	"height_grl"	606
"492"	"trunk_grl"	247	"height_grl"	607
"493"	"trunk_grl"	248	"height_grl"	608
"494"	"trunk_grl"	249	"height_grl"	612
"495"	"trunk_grl"	250	"height_grl"	613
"496"	"trunk_grl"	251	"height_grl"	613
"497"	"trunk_grl"	252	"height_grl"	613
"498"	"trunk_grl"	253	"height_grl"	615
"499"	"trunk_grl"	254	"height_grl"	621
"500"	"trunk_grl"	254	"height_grl"	622
"501"	"trunk_grl"	255	"height_grl"	626
"502"	"trunk_grl"	256	"height_grl"	633
"503"	"trunk_grl"	257	"height_grl"	635
"504"	"trunk_grl"	258	"height_grl"	637
"505"	"trunk_grl"	259	"height_grl"	640
"506"	"trunk_grl"	260	"height_grl"	641
"507"	"trunk_grl"	261	"height_grl"	642
"508"	"trunk_grl"	262	"height_grl"	642
"509"	"trunk_grl"	263	"height_grl"	645
"510"	"trunk_grl"	264	"height_grl"	650
"511"	"trunk_grl"	264	"height_grl"	651
"512"	"trunk_grl"	265	"height_grl"	653
"513"	"trunk_grl"	266	"height_grl"	655
"514"	"trunk_grl"	267	"height_grl"	658
"515"	"trunk_grl"	268	"height_grl"	666
"516"	"trunk_grl"	269	"height_grl"	668
"517"	"trunk_grl"	270	"height_grl"	674
"518"	"trunk_grl"	271	"height_grl"	675
"519"	"trunk_grl"	272	"height_grl"	677
"520"	"trunk_grl"	273	"height_grl"	679
"521"	"trunk_grl"	274	"height_grl"	679
"522"	"trunk_grl"	275	"height_grl"	681
"523"	"trunk_grl"	276	"height_grl"	683
"524"	"trunk_grl"	277	"height_grl"	683
"525"	"trunk_grl"	278	"height_grl"	684
"526"	"trunk_grl"	279	"height_grl"	686
"527"	"trunk_grl"	280	"height_grl"	687
"528"	"trunk_grl"	281	"height_grl"	689
"529"	"trunk_grl"	282	"height_grl"	690
"530"	"trunk_grl"	282	"height_grl"	691
"531"	"trunk_grl"	283	"height_grl"	692
"532"	"trunk_grl"	284	"height_grl"	692
"533"	"trunk_grl"	285	"height_grl"	693
"534"	"trunk_grl"	286	"height_grl"	697
"535"	"trunk_grl"	287	"height_grl"	707
"536"	"trunk_grl"	288	"height_grl"	710
"537"	"trunk_grl"	289	"height_grl"	710
"538"	"trunk_grl"	290	"height_grl"	714
"539"	"trunk_grl"	291	"height_grl"	716
"540"	"trunk_grl"	292	"height_grl"	717
"541"	"trunk_grl"	293	"height_grl"	720
"542"	"trunk_grl"	293	"height_grl"	721
"543"	"trunk_grl"	294	"height_grl"	726
"544"	"trunk_grl"	295	"height_grl"	726
"545"	"trunk_grl"	296	"height_grl"	726
"546"	"trunk_grl"	297	"height_grl"	728
"547"	"trunk_grl"	298	"height_grl"	728
"548"	"trunk_grl"	299	"height_grl"	729
"549"	"trunk_grl"	300	"height_grl"	730
"550"	"trunk_grl"	301	"height_grl"	730
"551"	"trunk_grl"	302	"height_grl"	733
"552"	"trunk_grl"	302	"height_grl"	734
"553"	"trunk_grl"	303	"height_grl"	735
"554"	"trunk_grl"	304	"height_grl"	736
"555"	"trunk_grl"	305	"height_grl"	737
"556"	"trunk_grl"	306	"height_grl"	738
"557"	"trunk_grl"	307	"height_grl"	738
"558"	"trunk_grl"	308	"height_grl"	743
"559"	"trunk_grl"	309	"height_grl"	745
"560"	"trunk_grl"	310	"height_grl"	750
"561"	"trunk_grl"	311	"height_grl"	756
"562"	"trunk_grl"	312	"height_grl"	763
"563"	"trunk_grl"	313	"height_grl"	764
"564"	"trunk_grl"	314	"height_grl"	765
"565"	"trunk_grl"	315	"height_grl"	765
"566"	"trunk_grl"	316	"height_grl"	766
"567"	"trunk_grl"	317	"height_grl"	767
"568"	"trunk_grl"	318	"height_grl"	768
"569"	"trunk_grl"	318	"height_grl"	769
"570"	"trunk_grl"	319	"height_grl"	771
"571"	"trunk_grl"	319	"height_grl"	772
"572"	"trunk_grl"	319	"height_grl"	773
"573"	"trunk_grl"	320	"height_grl"	776
"574"	"trunk_grl"	321	"height_grl"	778
"575"	"trunk_grl"	321	"height_grl"	779
"576"	"trunk_grl"	322	"height_grl"	784
"577"	"trunk_grl"	323	"height_grl"	786
"578"	"trunk_grl"	324	"height_grl"	787
"579"	"trunk_grl"	325	"height_grl"	789
"580"	"trunk_grl"	326	"height_grl"	792
"581"	"trunk_grl"	327	"height_grl"	793
"582"	"trunk_grl"	328	"height_grl"	794
"583"	"trunk_grl"	329	"height_grl"	796
"584"	"trunk_grl"	330	"height_grl"	801
"585"	"trunk_grl"	331	"height_grl"	804
"586"	"trunk_grl"	332	"height_grl"	806
"587"	"trunk_grl"	333	"height_grl"	817
"588"	"trunk_grl"	334	"height_grl"	818
"589"	"trunk_grl"	335	"height_grl"	824
"590"	"trunk_grl"	5	"hip_grl"	1
"591"	"trunk_grl"	7	"hip_grl"	2
"592"	"trunk_grl"	12	"hip_grl"	3
"593"	"trunk_grl"	14	"hip_grl"	5
"594"	"trunk_grl"	19	"hip_grl"	6
"595"	"trunk_grl"	20	"hip_grl"	7
"596"	"trunk_grl"	22	"hip_grl"	8
"597"	"trunk_grl"	26	"hip_grl"	9
"598"	"trunk_grl"	28	"hip_grl"	10
"599"	"trunk_grl"	33	"hip_grl"	12
"600"	"trunk_grl"	39	"hip_grl"	13
"601"	"trunk_grl"	41	"hip_grl"	14
"602"	"trunk_grl"	45	"hip_grl"	15
"603"	"trunk_grl"	56	"hip_grl"	16
"604"	"trunk_grl"	71	"hip_grl"	17
"605"	"trunk_grl"	77	"hip_grl"	18
"606"	"trunk_grl"	83	"hip_grl"	20
"607"	"trunk_grl"	87	"hip_grl"	21
"608"	"trunk_grl"	94	"hip_grl"	22
"609"	"trunk_grl"	97	"hip_grl"	23
"610"	"trunk_grl"	108	"hip_grl"	24
"611"	"trunk_grl"	114	"hip_grl"	25
"612"	"trunk_grl"	117	"hip_grl"	26
"613"	"trunk_grl"	118	"hip_grl"	27
"614"	"trunk_grl"	119	"hip_grl"	28
"615"	"trunk_grl"	123	"hip_grl"	29
"616"	"trunk_grl"	126	"hip_grl"	30
"617"	"trunk_grl"	127	"hip_grl"	31
"618"	"trunk_grl"	129	"hip_grl"	32
"619"	"trunk_grl"	139	"hip_grl"	33
"620"	"trunk_grl"	140	"hip_grl"	34
"621"	"trunk_grl"	143	"hip_grl"	35
"622"	"trunk_grl"	145	"hip_grl"	36
"623"	"trunk_grl"	149	"hip_grl"	37
"624"	"trunk_grl"	154	"hip_grl"	38
"625"	"trunk_grl"	161	"hip_grl"	39
"626"	"trunk_grl"	168	"hip_grl"	40
"627"	"trunk_grl"	170	"hip_grl"	41
"628"	"trunk_grl"	173	"hip_grl"	43
"629"	"trunk_grl"	174	"hip_grl"	44
"630"	"trunk_grl"	176	"hip_grl"	45
"631"	"trunk_grl"	178	"hip_grl"	46
"632"	"trunk_grl"	191	"hip_grl"	47
"633"	"trunk_grl"	195	"hip_grl"	48
"634"	"trunk_grl"	199	"hip_grl"	49
"635"	"trunk_grl"	203	"hip_grl"	50
"636"	"trunk_grl"	206	"hip_grl"	51
"637"	"trunk_grl"	209	"hip_grl"	52
"638"	"trunk_grl"	212	"hip_grl"	53
"639"	"trunk_grl"	215	"hip_grl"	54
"640"	"trunk_grl"	218	"hip_grl"	55
"641"	"trunk_grl"	219	"hip_grl"	56
"642"	"trunk_grl"	225	"hip_grl"	57
"643"	"trunk_grl"	236	"hip_grl"	58
"644"	"trunk_grl"	240	"hip_grl"	59
"645"	"trunk_grl"	241	"hip_grl"	60
"646"	"trunk_grl"	243	"hip_grl"	62
"647"	"trunk_grl"	245	"hip_grl"	63
"648"	"trunk_grl"	246	"hip_grl"	64
"649"	"trunk_grl"	253	"hip_grl"	65
"650"	"trunk_grl"	255	"hip_grl"	66
"651"	"trunk_grl"	275	"hip_grl"	67
"652"	"trunk_grl"	279	"hip_grl"	68
"653"	"trunk_grl"	280	"hip_grl"	69
"654"	"trunk_grl"	281	"hip_grl"	70
"655"	"trunk_grl"	282	"hip_grl"	71
"656"	"trunk_grl"	284	"hip_grl"	72
"657"	"trunk_grl"	285	"hip_grl"	73
"658"	"trunk_grl"	293	"hip_grl"	74
"659"	"trunk_grl"	295	"hip_grl"	75
"660"	"trunk_grl"	296	"hip_grl"	75
"661"	"trunk_grl"	304	"hip_grl"	76
"662"	"trunk_grl"	311	"hip_grl"	78
"663"	"trunk_grl"	313	"hip_grl"	79
"664"	"trunk_grl"	314	"hip_grl"	80
"665"	"trunk_grl"	322	"hip_grl"	81
"666"	"trunk_grl"	329	"hip_grl"	82
"667"	"trunk_grl"	329	"hip_grl"	83
"668"	"trunk_grl"	4	"humerus_grl"	1
"669"	"trunk_grl"	25	"humerus_grl"	2
"670"	"trunk_grl"	27	"humerus_grl"	3
"671"	"trunk_grl"	28	"humerus_grl"	4
"672"	"trunk_grl"	30	"humerus_grl"	5
"673"	"trunk_grl"	33	"humerus_grl"	6
"674"	"trunk_grl"	33	"humerus_grl"	7
"675"	"trunk_grl"	34	"humerus_grl"	8
"676"	"trunk_grl"	37	"humerus_grl"	10
"677"	"trunk_grl"	39	"humerus_grl"	11
"678"	"trunk_grl"	43	"humerus_grl"	13
"679"	"trunk_grl"	55	"humerus_grl"	15
"680"	"trunk_grl"	57	"humerus_grl"	17
"681"	"trunk_grl"	61	"humerus_grl"	18
"682"	"trunk_grl"	66	"humerus_grl"	19
"683"	"trunk_grl"	67	"humerus_grl"	20
"684"	"trunk_grl"	68	"humerus_grl"	20
"685"	"trunk_grl"	71	"humerus_grl"	22
"686"	"trunk_grl"	74	"humerus_grl"	23
"687"	"trunk_grl"	75	"humerus_grl"	24
"688"	"trunk_grl"	76	"humerus_grl"	25
"689"	"trunk_grl"	77	"humerus_grl"	26
"690"	"trunk_grl"	81	"humerus_grl"	28
"691"	"trunk_grl"	86	"humerus_grl"	29
"692"	"trunk_grl"	87	"humerus_grl"	30
"693"	"trunk_grl"	89	"humerus_grl"	31
"694"	"trunk_grl"	91	"humerus_grl"	33
"695"	"trunk_grl"	94	"humerus_grl"	35
"696"	"trunk_grl"	95	"humerus_grl"	36
"697"	"trunk_grl"	97	"humerus_grl"	37
"698"	"trunk_grl"	102	"humerus_grl"	38
"699"	"trunk_grl"	108	"humerus_grl"	39
"700"	"trunk_grl"	111	"humerus_grl"	41
"701"	"trunk_grl"	120	"humerus_grl"	45
"702"	"trunk_grl"	122	"humerus_grl"	46
"703"	"trunk_grl"	124	"humerus_grl"	47
"704"	"trunk_grl"	126	"humerus_grl"	48
"705"	"trunk_grl"	127	"humerus_grl"	49
"706"	"trunk_grl"	133	"humerus_grl"	50
"707"	"trunk_grl"	135	"humerus_grl"	51
"708"	"trunk_grl"	139	"humerus_grl"	52
"709"	"trunk_grl"	140	"humerus_grl"	53
"710"	"trunk_grl"	144	"humerus_grl"	54
"711"	"trunk_grl"	149	"humerus_grl"	55
"712"	"trunk_grl"	154	"humerus_grl"	56
"713"	"trunk_grl"	157	"humerus_grl"	57
"714"	"trunk_grl"	161	"humerus_grl"	58
"715"	"trunk_grl"	162	"humerus_grl"	59
"716"	"trunk_grl"	168	"humerus_grl"	60
"717"	"trunk_grl"	172	"humerus_grl"	61
"718"	"trunk_grl"	175	"humerus_grl"	62
"719"	"trunk_grl"	180	"humerus_grl"	63
"720"	"trunk_grl"	182	"humerus_grl"	64
"721"	"trunk_grl"	185	"humerus_grl"	65
"722"	"trunk_grl"	186	"humerus_grl"	66
"723"	"trunk_grl"	188	"humerus_grl"	67
"724"	"trunk_grl"	191	"humerus_grl"	68
"725"	"trunk_grl"	192	"humerus_grl"	69
"726"	"trunk_grl"	202	"humerus_grl"	70
"727"	"trunk_grl"	210	"humerus_grl"	71
"728"	"trunk_grl"	224	"humerus_grl"	74
"729"	"trunk_grl"	225	"humerus_grl"	75
"730"	"trunk_grl"	236	"humerus_grl"	76
"731"	"trunk_grl"	242	"humerus_grl"	77
"732"	"trunk_grl"	243	"humerus_grl"	78
"733"	"trunk_grl"	246	"humerus_grl"	79
"734"	"trunk_grl"	247	"humerus_grl"	80
"735"	"trunk_grl"	255	"humerus_grl"	82
"736"	"trunk_grl"	265	"humerus_grl"	83
"737"	"trunk_grl"	268	"humerus_grl"	85
"738"	"trunk_grl"	269	"humerus_grl"	86
"739"	"trunk_grl"	275	"humerus_grl"	89
"740"	"trunk_grl"	276	"humerus_grl"	92
"741"	"trunk_grl"	278	"humerus_grl"	93
"742"	"trunk_grl"	279	"humerus_grl"	94
"743"	"trunk_grl"	281	"humerus_grl"	96
"744"	"trunk_grl"	282	"humerus_grl"	97
"745"	"trunk_grl"	288	"humerus_grl"	98
"746"	"trunk_grl"	292	"humerus_grl"	99
"747"	"trunk_grl"	298	"humerus_grl"	100
"748"	"trunk_grl"	301	"humerus_grl"	101
"749"	"trunk_grl"	304	"humerus_grl"	102
"750"	"trunk_grl"	310	"humerus_grl"	103
"751"	"trunk_grl"	315	"humerus_grl"	104
"752"	"trunk_grl"	317	"humerus_grl"	105
"753"	"trunk_grl"	319	"humerus_grl"	106
"754"	"trunk_grl"	323	"humerus_grl"	107
"755"	"trunk_grl"	324	"humerus_grl"	108
"756"	"trunk_grl"	328	"humerus_grl"	109
"757"	"trunk_grl"	330	"humerus_grl"	110
"758"	"trunk_grl"	7	"IC_grl"	1
"759"	"trunk_grl"	11	"IC_grl"	2
"760"	"trunk_grl"	16	"IC_grl"	4
"761"	"trunk_grl"	30	"IC_grl"	6
"762"	"trunk_grl"	41	"IC_grl"	7
"763"	"trunk_grl"	43	"IC_grl"	9
"764"	"trunk_grl"	71	"IC_grl"	14
"765"	"trunk_grl"	77	"IC_grl"	15
"766"	"trunk_grl"	87	"IC_grl"	16
"767"	"trunk_grl"	118	"IC_grl"	19
"768"	"trunk_grl"	139	"IC_grl"	20
"769"	"trunk_grl"	148	"IC_grl"	21
"770"	"trunk_grl"	202	"IC_grl"	26
"771"	"trunk_grl"	214	"IC_grl"	28
"772"	"trunk_grl"	215	"IC_grl"	28
"773"	"trunk_grl"	218	"IC_grl"	29
"774"	"trunk_grl"	224	"IC_grl"	30
"775"	"trunk_grl"	239	"IC_grl"	31
"776"	"trunk_grl"	240	"IC_grl"	32
"777"	"trunk_grl"	242	"IC_grl"	33
"778"	"trunk_grl"	261	"IC_grl"	36
"779"	"trunk_grl"	284	"IC_grl"	39
"780"	"trunk_grl"	291	"IC_grl"	40
"781"	"trunk_grl"	293	"IC_grl"	42
"782"	"trunk_grl"	301	"IC_grl"	45
"783"	"trunk_grl"	301	"IC_grl"	46
"784"	"trunk_grl"	329	"IC_grl"	49
"785"	"trunk_grl"	2	"SA_grl"	1
"786"	"trunk_grl"	3	"SA_grl"	2
"787"	"trunk_grl"	7	"SA_grl"	3
"788"	"trunk_grl"	11	"SA_grl"	4
"789"	"trunk_grl"	14	"SA_grl"	5
"790"	"trunk_grl"	41	"SA_grl"	9
"791"	"trunk_grl"	54	"SA_grl"	16
"792"	"trunk_grl"	63	"SA_grl"	18
"793"	"trunk_grl"	65	"SA_grl"	19
"794"	"trunk_grl"	71	"SA_grl"	20
"795"	"trunk_grl"	76	"SA_grl"	21
"796"	"trunk_grl"	77	"SA_grl"	22
"797"	"trunk_grl"	87	"SA_grl"	23
"798"	"trunk_grl"	94	"SA_grl"	25
"799"	"trunk_grl"	103	"SA_grl"	27
"800"	"trunk_grl"	105	"SA_grl"	28
"801"	"trunk_grl"	118	"SA_grl"	30
"802"	"trunk_grl"	136	"SA_grl"	31
"803"	"trunk_grl"	137	"SA_grl"	31
"804"	"trunk_grl"	139	"SA_grl"	33
"805"	"trunk_grl"	154	"SA_grl"	34
"806"	"trunk_grl"	158	"SA_grl"	35
"807"	"trunk_grl"	161	"SA_grl"	37
"808"	"trunk_grl"	163	"SA_grl"	38
"809"	"trunk_grl"	173	"SA_grl"	40
"810"	"trunk_grl"	186	"SA_grl"	44
"811"	"trunk_grl"	195	"SA_grl"	45
"812"	"trunk_grl"	199	"SA_grl"	46
"813"	"trunk_grl"	202	"SA_grl"	47
"814"	"trunk_grl"	211	"SA_grl"	49
"815"	"trunk_grl"	214	"SA_grl"	50
"816"	"trunk_grl"	215	"SA_grl"	51
"817"	"trunk_grl"	216	"SA_grl"	52
"818"	"trunk_grl"	232	"SA_grl"	54
"819"	"trunk_grl"	238	"SA_grl"	55
"820"	"trunk_grl"	239	"SA_grl"	56
"821"	"trunk_grl"	240	"SA_grl"	57
"822"	"trunk_grl"	242	"SA_grl"	58
"823"	"trunk_grl"	246	"SA_grl"	61
"824"	"trunk_grl"	248	"SA_grl"	62
"825"	"trunk_grl"	251	"SA_grl"	64
"826"	"trunk_grl"	256	"SA_grl"	66
"827"	"trunk_grl"	261	"SA_grl"	67
"828"	"trunk_grl"	274	"SA_grl"	71
"829"	"trunk_grl"	286	"SA_grl"	72
"830"	"trunk_grl"	293	"SA_grl"	73
"831"	"trunk_grl"	301	"SA_grl"	75
"832"	"trunk_grl"	301	"SA_grl"	76
"833"	"trunk_grl"	314	"SA_grl"	77
"834"	"trunk_grl"	315	"SA_grl"	78
"835"	"trunk_grl"	323	"SA_grl"	82
"836"	"trunk_grl"	329	"SA_grl"	83
"837"	"trunk_grl"	330	"SA_grl"	84
"838"	"trunk_grl"	335	"SA_grl"	85
"839"	"trunk_grl"	12	"shoulders_grl"	1
"840"	"trunk_grl"	20	"shoulders_grl"	2
"841"	"trunk_grl"	31	"shoulders_grl"	3
"842"	"trunk_grl"	33	"shoulders_grl"	4
"843"	"trunk_grl"	33	"shoulders_grl"	5
"844"	"trunk_grl"	37	"shoulders_grl"	6
"845"	"trunk_grl"	40	"shoulders_grl"	7
"846"	"trunk_grl"	41	"shoulders_grl"	8
"847"	"trunk_grl"	43	"shoulders_grl"	9
"848"	"trunk_grl"	56	"shoulders_grl"	10
"849"	"trunk_grl"	81	"shoulders_grl"	11
"850"	"trunk_grl"	87	"shoulders_grl"	12
"851"	"trunk_grl"	89	"shoulders_grl"	13
"852"	"trunk_grl"	91	"shoulders_grl"	14
"853"	"trunk_grl"	110	"shoulders_grl"	16
"854"	"trunk_grl"	118	"shoulders_grl"	18
"855"	"trunk_grl"	126	"shoulders_grl"	19
"856"	"trunk_grl"	127	"shoulders_grl"	20
"857"	"trunk_grl"	139	"shoulders_grl"	22
"858"	"trunk_grl"	140	"shoulders_grl"	23
"859"	"trunk_grl"	143	"shoulders_grl"	24
"860"	"trunk_grl"	147	"shoulders_grl"	25
"861"	"trunk_grl"	161	"shoulders_grl"	27
"862"	"trunk_grl"	175	"shoulders_grl"	28
"863"	"trunk_grl"	185	"shoulders_grl"	29
"864"	"trunk_grl"	191	"shoulders_grl"	31
"865"	"trunk_grl"	217	"shoulders_grl"	32
"866"	"trunk_grl"	225	"shoulders_grl"	33
"867"	"trunk_grl"	225	"shoulders_grl"	34
"868"	"trunk_grl"	236	"shoulders_grl"	35
"869"	"trunk_grl"	242	"shoulders_grl"	36
"870"	"trunk_grl"	245	"shoulders_grl"	37
"871"	"trunk_grl"	255	"shoulders_grl"	39
"872"	"trunk_grl"	273	"shoulders_grl"	40
"873"	"trunk_grl"	276	"shoulders_grl"	41
"874"	"trunk_grl"	281	"shoulders_grl"	42
"875"	"trunk_grl"	282	"shoulders_grl"	43
"876"	"trunk_grl"	290	"shoulders_grl"	45
"877"	"trunk_grl"	291	"shoulders_grl"	46
"878"	"trunk_grl"	295	"shoulders_grl"	48
"879"	"trunk_grl"	302	"shoulders_grl"	49
"880"	"trunk_grl"	304	"shoulders_grl"	50
"881"	"trunk_grl"	308	"shoulders_grl"	51
"882"	"trunk_grl"	313	"shoulders_grl"	52
"883"	"trunk_grl"	324	"shoulders_grl"	53
"884"	"trunk_grl"	329	"shoulders_grl"	54
"885"	"trunk_grl"	3	"tibia_grl"	1
"886"	"trunk_grl"	4	"tibia_grl"	2
"887"	"trunk_grl"	16	"tibia_grl"	3
"888"	"trunk_grl"	19	"tibia_grl"	4
"889"	"trunk_grl"	23	"tibia_grl"	5
"890"	"trunk_grl"	25	"tibia_grl"	6
"891"	"trunk_grl"	27	"tibia_grl"	7
"892"	"trunk_grl"	30	"tibia_grl"	8
"893"	"trunk_grl"	33	"tibia_grl"	9
"894"	"trunk_grl"	34	"tibia_grl"	11
"895"	"trunk_grl"	37	"tibia_grl"	13
"896"	"trunk_grl"	39	"tibia_grl"	14
"897"	"trunk_grl"	40	"tibia_grl"	15
"898"	"trunk_grl"	43	"tibia_grl"	18
"899"	"trunk_grl"	49	"tibia_grl"	19
"900"	"trunk_grl"	51	"tibia_grl"	20
"901"	"trunk_grl"	55	"tibia_grl"	21
"902"	"trunk_grl"	56	"tibia_grl"	23
"903"	"trunk_grl"	57	"tibia_grl"	24
"904"	"trunk_grl"	65	"tibia_grl"	25
"905"	"trunk_grl"	66	"tibia_grl"	26
"906"	"trunk_grl"	71	"tibia_grl"	27
"907"	"trunk_grl"	74	"tibia_grl"	29
"908"	"trunk_grl"	76	"tibia_grl"	30
"909"	"trunk_grl"	77	"tibia_grl"	31
"910"	"trunk_grl"	79	"tibia_grl"	33
"911"	"trunk_grl"	85	"tibia_grl"	35
"912"	"trunk_grl"	87	"tibia_grl"	36
"913"	"trunk_grl"	90	"tibia_grl"	37
"914"	"trunk_grl"	94	"tibia_grl"	38
"915"	"trunk_grl"	97	"tibia_grl"	39
"916"	"trunk_grl"	102	"tibia_grl"	40
"917"	"trunk_grl"	110	"tibia_grl"	41
"918"	"trunk_grl"	113	"tibia_grl"	43
"919"	"trunk_grl"	114	"tibia_grl"	45
"920"	"trunk_grl"	118	"tibia_grl"	47
"921"	"trunk_grl"	120	"tibia_grl"	48
"922"	"trunk_grl"	123	"tibia_grl"	50
"923"	"trunk_grl"	124	"tibia_grl"	51
"924"	"trunk_grl"	126	"tibia_grl"	52
"925"	"trunk_grl"	127	"tibia_grl"	53
"926"	"trunk_grl"	127	"tibia_grl"	54
"927"	"trunk_grl"	130	"tibia_grl"	55
"928"	"trunk_grl"	133	"tibia_grl"	56
"929"	"trunk_grl"	134	"tibia_grl"	56
"930"	"trunk_grl"	135	"tibia_grl"	57
"931"	"trunk_grl"	140	"tibia_grl"	58
"932"	"trunk_grl"	148	"tibia_grl"	59
"933"	"trunk_grl"	152	"tibia_grl"	60
"934"	"trunk_grl"	153	"tibia_grl"	61
"935"	"trunk_grl"	154	"tibia_grl"	62
"936"	"trunk_grl"	157	"tibia_grl"	63
"937"	"trunk_grl"	161	"tibia_grl"	64
"938"	"trunk_grl"	162	"tibia_grl"	65
"939"	"trunk_grl"	168	"tibia_grl"	67
"940"	"trunk_grl"	172	"tibia_grl"	69
"941"	"trunk_grl"	173	"tibia_grl"	71
"942"	"trunk_grl"	175	"tibia_grl"	72
"943"	"trunk_grl"	180	"tibia_grl"	73
"944"	"trunk_grl"	181	"tibia_grl"	74
"945"	"trunk_grl"	186	"tibia_grl"	75
"946"	"trunk_grl"	191	"tibia_grl"	76
"947"	"trunk_grl"	192	"tibia_grl"	77
"948"	"trunk_grl"	198	"tibia_grl"	78
"949"	"trunk_grl"	200	"tibia_grl"	79
"950"	"trunk_grl"	210	"tibia_grl"	80
"951"	"trunk_grl"	218	"tibia_grl"	81
"952"	"trunk_grl"	219	"tibia_grl"	83
"953"	"trunk_grl"	224	"tibia_grl"	85
"954"	"trunk_grl"	225	"tibia_grl"	86
"955"	"trunk_grl"	226	"tibia_grl"	87
"956"	"trunk_grl"	230	"tibia_grl"	88
"957"	"trunk_grl"	232	"tibia_grl"	89
"958"	"trunk_grl"	236	"tibia_grl"	90
"959"	"trunk_grl"	242	"tibia_grl"	91
"960"	"trunk_grl"	246	"tibia_grl"	92
"961"	"trunk_grl"	250	"tibia_grl"	94
"962"	"trunk_grl"	255	"tibia_grl"	95
"963"	"trunk_grl"	262	"tibia_grl"	96
"964"	"trunk_grl"	265	"tibia_grl"	97
"965"	"trunk_grl"	268	"tibia_grl"	99
"966"	"trunk_grl"	269	"tibia_grl"	100
"967"	"trunk_grl"	275	"tibia_grl"	101
"968"	"trunk_grl"	276	"tibia_grl"	103
"969"	"trunk_grl"	278	"tibia_grl"	104
"970"	"trunk_grl"	279	"tibia_grl"	105
"971"	"trunk_grl"	281	"tibia_grl"	106
"972"	"trunk_grl"	282	"tibia_grl"	107
"973"	"trunk_grl"	295	"tibia_grl"	111
"974"	"trunk_grl"	301	"tibia_grl"	112
"975"	"trunk_grl"	301	"tibia_grl"	113
"976"	"trunk_grl"	303	"tibia_grl"	114
"977"	"trunk_grl"	304	"tibia_grl"	115
"978"	"trunk_grl"	305	"tibia_grl"	116
"979"	"trunk_grl"	306	"tibia_grl"	117
"980"	"trunk_grl"	310	"tibia_grl"	118
"981"	"trunk_grl"	315	"tibia_grl"	122
"982"	"trunk_grl"	316	"tibia_grl"	123
"983"	"trunk_grl"	317	"tibia_grl"	124
"984"	"trunk_grl"	319	"tibia_grl"	125
"985"	"trunk_grl"	324	"tibia_grl"	126
"986"	"trunk_grl"	330	"tibia_grl"	127
"987"	"trunk_grl"	334	"tibia_grl"	129
"988"	"trunk_grl"	12	"torso_grl"	1
"989"	"trunk_grl"	22	"torso_grl"	2
"990"	"trunk_grl"	27	"torso_grl"	3
"991"	"trunk_grl"	31	"torso_grl"	4
"992"	"trunk_grl"	37	"torso_grl"	5
"993"	"trunk_grl"	43	"torso_grl"	6
"994"	"trunk_grl"	55	"torso_grl"	7
"995"	"trunk_grl"	56	"torso_grl"	8
"996"	"trunk_grl"	62	"torso_grl"	9
"997"	"trunk_grl"	63	"torso_grl"	10
"998"	"trunk_grl"	65	"torso_grl"	11
"999"	"trunk_grl"	77	"torso_grl"	12
"1000"	"trunk_grl"	81	"torso_grl"	13
"1001"	"trunk_grl"	86	"torso_grl"	14
"1002"	"trunk_grl"	87	"torso_grl"	15
"1003"	"trunk_grl"	91	"torso_grl"	16
"1004"	"trunk_grl"	92	"torso_grl"	17
"1005"	"trunk_grl"	94	"torso_grl"	18
"1006"	"trunk_grl"	97	"torso_grl"	19
"1007"	"trunk_grl"	102	"torso_grl"	20
"1008"	"trunk_grl"	109	"torso_grl"	21
"1009"	"trunk_grl"	117	"torso_grl"	22
"1010"	"trunk_grl"	118	"torso_grl"	23
"1011"	"trunk_grl"	119	"torso_grl"	24
"1012"	"trunk_grl"	123	"torso_grl"	25
"1013"	"trunk_grl"	124	"torso_grl"	26
"1014"	"trunk_grl"	126	"torso_grl"	27
"1015"	"trunk_grl"	127	"torso_grl"	28
"1016"	"trunk_grl"	133	"torso_grl"	29
"1017"	"trunk_grl"	139	"torso_grl"	30
"1018"	"trunk_grl"	140	"torso_grl"	31
"1019"	"trunk_grl"	143	"torso_grl"	32
"1020"	"trunk_grl"	145	"torso_grl"	33
"1021"	"trunk_grl"	147	"torso_grl"	34
"1022"	"trunk_grl"	148	"torso_grl"	35
"1023"	"trunk_grl"	149	"torso_grl"	36
"1024"	"trunk_grl"	161	"torso_grl"	37
"1025"	"trunk_grl"	166	"torso_grl"	38
"1026"	"trunk_grl"	173	"torso_grl"	39
"1027"	"trunk_grl"	175	"torso_grl"	40
"1028"	"trunk_grl"	180	"torso_grl"	41
"1029"	"trunk_grl"	189	"torso_grl"	42
"1030"	"trunk_grl"	191	"torso_grl"	43
"1031"	"trunk_grl"	192	"torso_grl"	44
"1032"	"trunk_grl"	207	"torso_grl"	45
"1033"	"trunk_grl"	214	"torso_grl"	46
"1034"	"trunk_grl"	215	"torso_grl"	46
"1035"	"trunk_grl"	223	"torso_grl"	47
"1036"	"trunk_grl"	226	"torso_grl"	48
"1037"	"trunk_grl"	236	"torso_grl"	49
"1038"	"trunk_grl"	245	"torso_grl"	50
"1039"	"trunk_grl"	251	"torso_grl"	51
"1040"	"trunk_grl"	255	"torso_grl"	52
"1041"	"trunk_grl"	265	"torso_grl"	53
"1042"	"trunk_grl"	269	"torso_grl"	54
"1043"	"trunk_grl"	278	"torso_grl"	55
"1044"	"trunk_grl"	279	"torso_grl"	56
"1045"	"trunk_grl"	281	"torso_grl"	57
"1046"	"trunk_grl"	282	"torso_grl"	58
"1047"	"trunk_grl"	283	"torso_grl"	59
"1048"	"trunk_grl"	284	"torso_grl"	59
"1049"	"trunk_grl"	301	"torso_grl"	60
"1050"	"trunk_grl"	304	"torso_grl"	61
"1051"	"trunk_grl"	311	"torso_grl"	62
"1052"	"trunk_grl"	313	"torso_grl"	63
"1053"	"trunk_grl"	315	"torso_grl"	64
"1054"	"trunk_grl"	323	"torso_grl"	65
"1055"	"trunk_grl"	324	"torso_grl"	66
"1056"	"trunk_grl"	329	"torso_grl"	67
"1057"	"cortical_grl"	2	"femur_grl"	1
"1058"	"cortical_grl"	8	"femur_grl"	10
"1059"	"cortical_grl"	8	"femur_grl"	11
"1060"	"cortical_grl"	18	"femur_grl"	29
"1061"	"cortical_grl"	19	"femur_grl"	33
"1062"	"cortical_grl"	20	"femur_grl"	35
"1063"	"cortical_grl"	21	"femur_grl"	39
"1064"	"cortical_grl"	22	"femur_grl"	40
"1065"	"cortical_grl"	27	"femur_grl"	47
"1066"	"cortical_grl"	29	"femur_grl"	57
"1067"	"cortical_grl"	30	"femur_grl"	62
"1068"	"cortical_grl"	33	"femur_grl"	65
"1069"	"cortical_grl"	42	"femur_grl"	79
"1070"	"cortical_grl"	47	"femur_grl"	89
"1071"	"cortical_grl"	50	"femur_grl"	91
"1072"	"cortical_grl"	62	"femur_grl"	109
"1073"	"cortical_grl"	68	"femur_grl"	114
"1074"	"cortical_grl"	1	"FI_grl"	1
"1075"	"cortical_grl"	2	"FI_grl"	2
"1076"	"cortical_grl"	3	"FI_grl"	3
"1077"	"cortical_grl"	4	"FI_grl"	5
"1078"	"cortical_grl"	5	"FI_grl"	6
"1079"	"cortical_grl"	6	"FI_grl"	7
"1080"	"cortical_grl"	7	"FI_grl"	8
"1081"	"cortical_grl"	8	"FI_grl"	9
"1082"	"cortical_grl"	9	"FI_grl"	10
"1083"	"cortical_grl"	10	"FI_grl"	12
"1084"	"cortical_grl"	11	"FI_grl"	13
"1085"	"cortical_grl"	12	"FI_grl"	14
"1086"	"cortical_grl"	13	"FI_grl"	15
"1087"	"cortical_grl"	14	"FI_grl"	16
"1088"	"cortical_grl"	15	"FI_grl"	17
"1089"	"cortical_grl"	16	"FI_grl"	18
"1090"	"cortical_grl"	17	"FI_grl"	19
"1091"	"cortical_grl"	19	"FI_grl"	20
"1092"	"cortical_grl"	20	"FI_grl"	21
"1093"	"cortical_grl"	22	"FI_grl"	23
"1094"	"cortical_grl"	24	"FI_grl"	24
"1095"	"cortical_grl"	25	"FI_grl"	25
"1096"	"cortical_grl"	26	"FI_grl"	27
"1097"	"cortical_grl"	27	"FI_grl"	28
"1098"	"cortical_grl"	29	"FI_grl"	29
"1099"	"cortical_grl"	30	"FI_grl"	30
"1100"	"cortical_grl"	33	"FI_grl"	31
"1101"	"cortical_grl"	34	"FI_grl"	33
"1102"	"cortical_grl"	36	"FI_grl"	35
"1103"	"cortical_grl"	37	"FI_grl"	36
"1104"	"cortical_grl"	38	"FI_grl"	38
"1105"	"cortical_grl"	40	"FI_grl"	39
"1106"	"cortical_grl"	41	"FI_grl"	41
"1107"	"cortical_grl"	42	"FI_grl"	42
"1108"	"cortical_grl"	43	"FI_grl"	43
"1109"	"cortical_grl"	44	"FI_grl"	44
"1110"	"cortical_grl"	45	"FI_grl"	45
"1111"	"cortical_grl"	46	"FI_grl"	46
"1112"	"cortical_grl"	47	"FI_grl"	48
"1113"	"cortical_grl"	49	"FI_grl"	49
"1114"	"cortical_grl"	50	"FI_grl"	50
"1115"	"cortical_grl"	51	"FI_grl"	51
"1116"	"cortical_grl"	53	"FI_grl"	52
"1117"	"cortical_grl"	56	"FI_grl"	53
"1118"	"cortical_grl"	58	"FI_grl"	56
"1119"	"cortical_grl"	59	"FI_grl"	57
"1120"	"cortical_grl"	62	"FI_grl"	58
"1121"	"cortical_grl"	63	"FI_grl"	59
"1122"	"cortical_grl"	65	"FI_grl"	60
"1123"	"cortical_grl"	66	"FI_grl"	61
"1124"	"cortical_grl"	67	"FI_grl"	62
"1125"	"cortical_grl"	68	"FI_grl"	63
"1126"	"cortical_grl"	69	"FI_grl"	64
"1127"	"cortical_grl"	70	"FI_grl"	65
"1128"	"cortical_grl"	71	"FI_grl"	66
"1129"	"cortical_grl"	72	"FI_grl"	67
"1130"	"cortical_grl"	74	"FI_grl"	68
"1131"	"cortical_grl"	2	"forearm_grl"	1
"1132"	"cortical_grl"	18	"forearm_grl"	27
"1133"	"cortical_grl"	19	"forearm_grl"	31
"1134"	"cortical_grl"	20	"forearm_grl"	32
"1135"	"cortical_grl"	27	"forearm_grl"	42
"1136"	"cortical_grl"	30	"forearm_grl"	55
"1137"	"cortical_grl"	33	"forearm_grl"	58
"1138"	"cortical_grl"	42	"forearm_grl"	71
"1139"	"cortical_grl"	46	"forearm_grl"	72
"1140"	"cortical_grl"	50	"forearm_grl"	79
"1141"	"cortical_grl"	52	"forearm_grl"	81
"1142"	"cortical_grl"	68	"forearm_grl"	97
"1143"	"cortical_grl"	72	"forearm_grl"	104
"1144"	"cortical_grl"	1	"height_grl"	1
"1145"	"cortical_grl"	2	"height_grl"	4
"1146"	"cortical_grl"	3	"height_grl"	8
"1147"	"cortical_grl"	4	"height_grl"	21
"1148"	"cortical_grl"	5	"height_grl"	23
"1149"	"cortical_grl"	5	"height_grl"	24
"1150"	"cortical_grl"	7	"height_grl"	29
"1151"	"cortical_grl"	8	"height_grl"	66
"1152"	"cortical_grl"	9	"height_grl"	75
"1153"	"cortical_grl"	10	"height_grl"	89
"1154"	"cortical_grl"	11	"height_grl"	91
"1155"	"cortical_grl"	12	"height_grl"	93
"1156"	"cortical_grl"	12	"height_grl"	94
"1157"	"cortical_grl"	13	"height_grl"	94
"1158"	"cortical_grl"	14	"height_grl"	101
"1159"	"cortical_grl"	15	"height_grl"	104
"1160"	"cortical_grl"	16	"height_grl"	156
"1161"	"cortical_grl"	16	"height_grl"	157
"1162"	"cortical_grl"	17	"height_grl"	161
"1163"	"cortical_grl"	18	"height_grl"	169
"1164"	"cortical_grl"	18	"height_grl"	170
"1165"	"cortical_grl"	19	"height_grl"	188
"1166"	"cortical_grl"	20	"height_grl"	211
"1167"	"cortical_grl"	21	"height_grl"	228
"1168"	"cortical_grl"	22	"height_grl"	229
"1169"	"cortical_grl"	23	"height_grl"	240
"1170"	"cortical_grl"	24	"height_grl"	256
"1171"	"cortical_grl"	24	"height_grl"	257
"1172"	"cortical_grl"	25	"height_grl"	258
"1173"	"cortical_grl"	26	"height_grl"	280
"1174"	"cortical_grl"	27	"height_grl"	302
"1175"	"cortical_grl"	28	"height_grl"	334
"1176"	"cortical_grl"	29	"height_grl"	339
"1177"	"cortical_grl"	30	"height_grl"	365
"1178"	"cortical_grl"	31	"height_grl"	379
"1179"	"cortical_grl"	32	"height_grl"	380
"1180"	"cortical_grl"	33	"height_grl"	389
"1181"	"cortical_grl"	33	"height_grl"	390
"1182"	"cortical_grl"	34	"height_grl"	406
"1183"	"cortical_grl"	34	"height_grl"	407
"1184"	"cortical_grl"	37	"height_grl"	439
"1185"	"cortical_grl"	37	"height_grl"	440
"1186"	"cortical_grl"	38	"height_grl"	460
"1187"	"cortical_grl"	39	"height_grl"	476
"1188"	"cortical_grl"	40	"height_grl"	480
"1189"	"cortical_grl"	41	"height_grl"	487
"1190"	"cortical_grl"	42	"height_grl"	493
"1191"	"cortical_grl"	43	"height_grl"	498
"1192"	"cortical_grl"	44	"height_grl"	517
"1193"	"cortical_grl"	45	"height_grl"	525
"1194"	"cortical_grl"	46	"height_grl"	530
"1195"	"cortical_grl"	47	"height_grl"	578
"1196"	"cortical_grl"	48	"height_grl"	592
"1197"	"cortical_grl"	49	"height_grl"	593
"1198"	"cortical_grl"	50	"height_grl"	597
"1199"	"cortical_grl"	51	"height_grl"	598
"1200"	"cortical_grl"	52	"height_grl"	606
"1201"	"cortical_grl"	53	"height_grl"	608
"1202"	"cortical_grl"	53	"height_grl"	609
"1203"	"cortical_grl"	54	"height_grl"	610
"1204"	"cortical_grl"	55	"height_grl"	613
"1205"	"cortical_grl"	57	"height_grl"	642
"1206"	"cortical_grl"	58	"height_grl"	669
"1207"	"cortical_grl"	58	"height_grl"	670
"1208"	"cortical_grl"	60	"height_grl"	678
"1209"	"cortical_grl"	61	"height_grl"	679
"1210"	"cortical_grl"	62	"height_grl"	692
"1211"	"cortical_grl"	63	"height_grl"	718
"1212"	"cortical_grl"	64	"height_grl"	720
"1213"	"cortical_grl"	64	"height_grl"	721
"1214"	"cortical_grl"	67	"height_grl"	730
"1215"	"cortical_grl"	68	"height_grl"	730
"1216"	"cortical_grl"	69	"height_grl"	765
"1217"	"cortical_grl"	70	"height_grl"	781
"1218"	"cortical_grl"	71	"height_grl"	795
"1219"	"cortical_grl"	71	"height_grl"	796
"1220"	"cortical_grl"	72	"height_grl"	796
"1221"	"cortical_grl"	73	"height_grl"	801
"1222"	"cortical_grl"	74	"height_grl"	824
"1223"	"cortical_grl"	3	"hip_grl"	2
"1224"	"cortical_grl"	4	"hip_grl"	4
"1225"	"cortical_grl"	10	"hip_grl"	14
"1226"	"cortical_grl"	18	"hip_grl"	17
"1227"	"cortical_grl"	19	"hip_grl"	18
"1228"	"cortical_grl"	20	"hip_grl"	21
"1229"	"cortical_grl"	22	"hip_grl"	22
"1230"	"cortical_grl"	27	"hip_grl"	27
"1231"	"cortical_grl"	29	"hip_grl"	33
"1232"	"cortical_grl"	33	"hip_grl"	39
"1233"	"cortical_grl"	39	"hip_grl"	48
"1234"	"cortical_grl"	41	"hip_grl"	49
"1235"	"cortical_grl"	45	"hip_grl"	54
"1236"	"cortical_grl"	46	"hip_grl"	55
"1237"	"cortical_grl"	49	"hip_grl"	59
"1238"	"cortical_grl"	52	"hip_grl"	64
"1239"	"cortical_grl"	62	"hip_grl"	72
"1240"	"cortical_grl"	64	"hip_grl"	74
"1241"	"cortical_grl"	69	"hip_grl"	80
"1242"	"cortical_grl"	72	"hip_grl"	83
"1243"	"cortical_grl"	8	"humerus_grl"	7
"1244"	"cortical_grl"	18	"humerus_grl"	22
"1245"	"cortical_grl"	19	"humerus_grl"	26
"1246"	"cortical_grl"	20	"humerus_grl"	30
"1247"	"cortical_grl"	21	"humerus_grl"	34
"1248"	"cortical_grl"	22	"humerus_grl"	35
"1249"	"cortical_grl"	29	"humerus_grl"	52
"1250"	"cortical_grl"	33	"humerus_grl"	58
"1251"	"cortical_grl"	42	"humerus_grl"	70
"1252"	"cortical_grl"	50	"humerus_grl"	77
"1253"	"cortical_grl"	52	"humerus_grl"	79
"1254"	"cortical_grl"	68	"humerus_grl"	101
"1255"	"cortical_grl"	3	"IC_grl"	1
"1256"	"cortical_grl"	4	"IC_grl"	3
"1257"	"cortical_grl"	5	"IC_grl"	4
"1258"	"cortical_grl"	6	"IC_grl"	5
"1259"	"cortical_grl"	10	"IC_grl"	7
"1260"	"cortical_grl"	11	"IC_grl"	8
"1261"	"cortical_grl"	13	"IC_grl"	10
"1262"	"cortical_grl"	14	"IC_grl"	11
"1263"	"cortical_grl"	15	"IC_grl"	12
"1264"	"cortical_grl"	16	"IC_grl"	13
"1265"	"cortical_grl"	18	"IC_grl"	14
"1266"	"cortical_grl"	19	"IC_grl"	15
"1267"	"cortical_grl"	20	"IC_grl"	16
"1268"	"cortical_grl"	21	"IC_grl"	17
"1269"	"cortical_grl"	27	"IC_grl"	19
"1270"	"cortical_grl"	29	"IC_grl"	20
"1271"	"cortical_grl"	32	"IC_grl"	22
"1272"	"cortical_grl"	34	"IC_grl"	23
"1273"	"cortical_grl"	36	"IC_grl"	24
"1274"	"cortical_grl"	40	"IC_grl"	25
"1275"	"cortical_grl"	42	"IC_grl"	26
"1276"	"cortical_grl"	43	"IC_grl"	27
"1277"	"cortical_grl"	45	"IC_grl"	28
"1278"	"cortical_grl"	46	"IC_grl"	29
"1279"	"cortical_grl"	48	"IC_grl"	31
"1280"	"cortical_grl"	49	"IC_grl"	32
"1281"	"cortical_grl"	50	"IC_grl"	33
"1282"	"cortical_grl"	51	"IC_grl"	34
"1283"	"cortical_grl"	54	"IC_grl"	35
"1284"	"cortical_grl"	57	"IC_grl"	36
"1285"	"cortical_grl"	58	"IC_grl"	37
"1286"	"cortical_grl"	59	"IC_grl"	38
"1287"	"cortical_grl"	62	"IC_grl"	39
"1288"	"cortical_grl"	63	"IC_grl"	41
"1289"	"cortical_grl"	64	"IC_grl"	42
"1290"	"cortical_grl"	65	"IC_grl"	43
"1291"	"cortical_grl"	66	"IC_grl"	44
"1292"	"cortical_grl"	67	"IC_grl"	45
"1293"	"cortical_grl"	68	"IC_grl"	46
"1294"	"cortical_grl"	70	"IC_grl"	47
"1295"	"cortical_grl"	71	"IC_grl"	48
"1296"	"cortical_grl"	72	"IC_grl"	49
"1297"	"cortical_grl"	1	"SA_grl"	1
"1298"	"cortical_grl"	2	"SA_grl"	2
"1299"	"cortical_grl"	3	"SA_grl"	3
"1300"	"cortical_grl"	7	"SA_grl"	6
"1301"	"cortical_grl"	9	"SA_grl"	8
"1302"	"cortical_grl"	10	"SA_grl"	9
"1303"	"cortical_grl"	11	"SA_grl"	10
"1304"	"cortical_grl"	12	"SA_grl"	11
"1305"	"cortical_grl"	13	"SA_grl"	12
"1306"	"cortical_grl"	14	"SA_grl"	13
"1307"	"cortical_grl"	16	"SA_grl"	17
"1308"	"cortical_grl"	17	"SA_grl"	18
"1309"	"cortical_grl"	18	"SA_grl"	20
"1310"	"cortical_grl"	19	"SA_grl"	22
"1311"	"cortical_grl"	20	"SA_grl"	23
"1312"	"cortical_grl"	22	"SA_grl"	25
"1313"	"cortical_grl"	23	"SA_grl"	26
"1314"	"cortical_grl"	24	"SA_grl"	27
"1315"	"cortical_grl"	25	"SA_grl"	28
"1316"	"cortical_grl"	26	"SA_grl"	29
"1317"	"cortical_grl"	27	"SA_grl"	30
"1318"	"cortical_grl"	28	"SA_grl"	31
"1319"	"cortical_grl"	29	"SA_grl"	33
"1320"	"cortical_grl"	31	"SA_grl"	35
"1321"	"cortical_grl"	32	"SA_grl"	36
"1322"	"cortical_grl"	33	"SA_grl"	37
"1323"	"cortical_grl"	34	"SA_grl"	39
"1324"	"cortical_grl"	35	"SA_grl"	41
"1325"	"cortical_grl"	37	"SA_grl"	42
"1326"	"cortical_grl"	38	"SA_grl"	43
"1327"	"cortical_grl"	39	"SA_grl"	45
"1328"	"cortical_grl"	41	"SA_grl"	46
"1329"	"cortical_grl"	42	"SA_grl"	47
"1330"	"cortical_grl"	43	"SA_grl"	48
"1331"	"cortical_grl"	44	"SA_grl"	49
"1332"	"cortical_grl"	45	"SA_grl"	51
"1333"	"cortical_grl"	47	"SA_grl"	54
"1334"	"cortical_grl"	48	"SA_grl"	56
"1335"	"cortical_grl"	49	"SA_grl"	57
"1336"	"cortical_grl"	50	"SA_grl"	58
"1337"	"cortical_grl"	51	"SA_grl"	59
"1338"	"cortical_grl"	52	"SA_grl"	61
"1339"	"cortical_grl"	53	"SA_grl"	62
"1340"	"cortical_grl"	54	"SA_grl"	63
"1341"	"cortical_grl"	55	"SA_grl"	64
"1342"	"cortical_grl"	56	"SA_grl"	65
"1343"	"cortical_grl"	57	"SA_grl"	67
"1344"	"cortical_grl"	58	"SA_grl"	68
"1345"	"cortical_grl"	60	"SA_grl"	70
"1346"	"cortical_grl"	61	"SA_grl"	71
"1347"	"cortical_grl"	64	"SA_grl"	73
"1348"	"cortical_grl"	65	"SA_grl"	74
"1349"	"cortical_grl"	67	"SA_grl"	75
"1350"	"cortical_grl"	68	"SA_grl"	76
"1351"	"cortical_grl"	69	"SA_grl"	77
"1352"	"cortical_grl"	70	"SA_grl"	80
"1353"	"cortical_grl"	72	"SA_grl"	83
"1354"	"cortical_grl"	73	"SA_grl"	84
"1355"	"cortical_grl"	74	"SA_grl"	85
"1356"	"cortical_grl"	8	"shoulders_grl"	5
"1357"	"cortical_grl"	10	"shoulders_grl"	8
"1358"	"cortical_grl"	20	"shoulders_grl"	12
"1359"	"cortical_grl"	27	"shoulders_grl"	18
"1360"	"cortical_grl"	29	"shoulders_grl"	22
"1361"	"cortical_grl"	33	"shoulders_grl"	27
"1362"	"cortical_grl"	38	"shoulders_grl"	30
"1363"	"cortical_grl"	50	"shoulders_grl"	36
"1364"	"cortical_grl"	53	"shoulders_grl"	38
"1365"	"cortical_grl"	63	"shoulders_grl"	47
"1366"	"cortical_grl"	72	"shoulders_grl"	54
"1367"	"cortical_grl"	2	"tibia_grl"	1
"1368"	"cortical_grl"	18	"tibia_grl"	27
"1369"	"cortical_grl"	19	"tibia_grl"	31
"1370"	"cortical_grl"	20	"tibia_grl"	36
"1371"	"cortical_grl"	22	"tibia_grl"	38
"1372"	"cortical_grl"	27	"tibia_grl"	47
"1373"	"cortical_grl"	30	"tibia_grl"	60
"1374"	"cortical_grl"	33	"tibia_grl"	64
"1375"	"cortical_grl"	46	"tibia_grl"	81
"1376"	"cortical_grl"	47	"tibia_grl"	89
"1377"	"cortical_grl"	50	"tibia_grl"	91
"1378"	"cortical_grl"	52	"tibia_grl"	92
"1379"	"cortical_grl"	54	"tibia_grl"	93
"1380"	"cortical_grl"	67	"tibia_grl"	112
"1381"	"cortical_grl"	68	"tibia_grl"	113
"1382"	"cortical_grl"	17	"torso_grl"	10
"1383"	"cortical_grl"	19	"torso_grl"	12
"1384"	"cortical_grl"	20	"torso_grl"	15
"1385"	"cortical_grl"	22	"torso_grl"	18
"1386"	"cortical_grl"	27	"torso_grl"	23
"1387"	"cortical_grl"	29	"torso_grl"	30
"1388"	"cortical_grl"	33	"torso_grl"	37
"1389"	"cortical_grl"	45	"torso_grl"	46
"1390"	"cortical_grl"	62	"torso_grl"	59
"1391"	"cortical_grl"	68	"torso_grl"	60
"1392"	"cortical_grl"	72	"torso_grl"	67
"1393"	"limb_grl"	1	"femur_grl"	1
"1394"	"limb_grl"	2	"femur_grl"	2
"1395"	"limb_grl"	5	"femur_grl"	3
"1396"	"limb_grl"	6	"femur_grl"	4
"1397"	"limb_grl"	7	"femur_grl"	5
"1398"	"limb_grl"	12	"femur_grl"	6
"1399"	"limb_grl"	13	"femur_grl"	7
"1400"	"limb_grl"	15	"femur_grl"	8
"1401"	"limb_grl"	16	"femur_grl"	9
"1402"	"limb_grl"	17	"femur_grl"	10
"1403"	"limb_grl"	18	"femur_grl"	11
"1404"	"limb_grl"	19	"femur_grl"	12
"1405"	"limb_grl"	20	"femur_grl"	13
"1406"	"limb_grl"	22	"femur_grl"	14
"1407"	"limb_grl"	23	"femur_grl"	15
"1408"	"limb_grl"	25	"femur_grl"	16
"1409"	"limb_grl"	28	"femur_grl"	17
"1410"	"limb_grl"	35	"femur_grl"	18
"1411"	"limb_grl"	37	"femur_grl"	19
"1412"	"limb_grl"	39	"femur_grl"	20
"1413"	"limb_grl"	40	"femur_grl"	21
"1414"	"limb_grl"	41	"femur_grl"	22
"1415"	"limb_grl"	42	"femur_grl"	23
"1416"	"limb_grl"	44	"femur_grl"	24
"1417"	"limb_grl"	46	"femur_grl"	25
"1418"	"limb_grl"	47	"femur_grl"	26
"1419"	"limb_grl"	48	"femur_grl"	27
"1420"	"limb_grl"	49	"femur_grl"	28
"1421"	"limb_grl"	50	"femur_grl"	29
"1422"	"limb_grl"	53	"femur_grl"	30
"1423"	"limb_grl"	54	"femur_grl"	31
"1424"	"limb_grl"	55	"femur_grl"	32
"1425"	"limb_grl"	56	"femur_grl"	33
"1426"	"limb_grl"	57	"femur_grl"	34
"1427"	"limb_grl"	64	"femur_grl"	35
"1428"	"limb_grl"	65	"femur_grl"	36
"1429"	"limb_grl"	67	"femur_grl"	37
"1430"	"limb_grl"	68	"femur_grl"	38
"1431"	"limb_grl"	69	"femur_grl"	39
"1432"	"limb_grl"	70	"femur_grl"	40
"1433"	"limb_grl"	73	"femur_grl"	41
"1434"	"limb_grl"	74	"femur_grl"	42
"1435"	"limb_grl"	75	"femur_grl"	43
"1436"	"limb_grl"	78	"femur_grl"	44
"1437"	"limb_grl"	80	"femur_grl"	45
"1438"	"limb_grl"	82	"femur_grl"	46
"1439"	"limb_grl"	87	"femur_grl"	47
"1440"	"limb_grl"	88	"femur_grl"	48
"1441"	"limb_grl"	89	"femur_grl"	49
"1442"	"limb_grl"	90	"femur_grl"	50
"1443"	"limb_grl"	92	"femur_grl"	51
"1444"	"limb_grl"	93	"femur_grl"	52
"1445"	"limb_grl"	94	"femur_grl"	53
"1446"	"limb_grl"	95	"femur_grl"	54
"1447"	"limb_grl"	97	"femur_grl"	55
"1448"	"limb_grl"	98	"femur_grl"	56
"1449"	"limb_grl"	99	"femur_grl"	57
"1450"	"limb_grl"	100	"femur_grl"	58
"1451"	"limb_grl"	102	"femur_grl"	59
"1452"	"limb_grl"	104	"femur_grl"	60
"1453"	"limb_grl"	106	"femur_grl"	61
"1454"	"limb_grl"	107	"femur_grl"	62
"1455"	"limb_grl"	109	"femur_grl"	63
"1456"	"limb_grl"	110	"femur_grl"	64
"1457"	"limb_grl"	111	"femur_grl"	65
"1458"	"limb_grl"	112	"femur_grl"	66
"1459"	"limb_grl"	113	"femur_grl"	67
"1460"	"limb_grl"	114	"femur_grl"	68
"1461"	"limb_grl"	115	"femur_grl"	69
"1462"	"limb_grl"	117	"femur_grl"	70
"1463"	"limb_grl"	118	"femur_grl"	71
"1464"	"limb_grl"	120	"femur_grl"	72
"1465"	"limb_grl"	125	"femur_grl"	73
"1466"	"limb_grl"	126	"femur_grl"	74
"1467"	"limb_grl"	128	"femur_grl"	75
"1468"	"limb_grl"	129	"femur_grl"	76
"1469"	"limb_grl"	132	"femur_grl"	77
"1470"	"limb_grl"	133	"femur_grl"	78
"1471"	"limb_grl"	134	"femur_grl"	79
"1472"	"limb_grl"	136	"femur_grl"	80
"1473"	"limb_grl"	137	"femur_grl"	81
"1474"	"limb_grl"	139	"femur_grl"	82
"1475"	"limb_grl"	141	"femur_grl"	83
"1476"	"limb_grl"	143	"femur_grl"	84
"1477"	"limb_grl"	144	"femur_grl"	85
"1478"	"limb_grl"	146	"femur_grl"	86
"1479"	"limb_grl"	147	"femur_grl"	87
"1480"	"limb_grl"	148	"femur_grl"	88
"1481"	"limb_grl"	149	"femur_grl"	89
"1482"	"limb_grl"	150	"femur_grl"	90
"1483"	"limb_grl"	152	"femur_grl"	91
"1484"	"limb_grl"	153	"femur_grl"	92
"1485"	"limb_grl"	157	"femur_grl"	93
"1486"	"limb_grl"	159	"femur_grl"	94
"1487"	"limb_grl"	162	"femur_grl"	95
"1488"	"limb_grl"	163	"femur_grl"	96
"1489"	"limb_grl"	164	"femur_grl"	97
"1490"	"limb_grl"	165	"femur_grl"	98
"1491"	"limb_grl"	166	"femur_grl"	99
"1492"	"limb_grl"	167	"femur_grl"	100
"1493"	"limb_grl"	169	"femur_grl"	101
"1494"	"limb_grl"	170	"femur_grl"	102
"1495"	"limb_grl"	171	"femur_grl"	103
"1496"	"limb_grl"	172	"femur_grl"	104
"1497"	"limb_grl"	175	"femur_grl"	105
"1498"	"limb_grl"	176	"femur_grl"	106
"1499"	"limb_grl"	178	"femur_grl"	107
"1500"	"limb_grl"	179	"femur_grl"	108
"1501"	"limb_grl"	180	"femur_grl"	109
"1502"	"limb_grl"	184	"femur_grl"	110
"1503"	"limb_grl"	188	"femur_grl"	111
"1504"	"limb_grl"	193	"femur_grl"	112
"1505"	"limb_grl"	196	"femur_grl"	113
"1506"	"limb_grl"	196	"femur_grl"	114
"1507"	"limb_grl"	197	"femur_grl"	115
"1508"	"limb_grl"	198	"femur_grl"	116
"1509"	"limb_grl"	198	"femur_grl"	117
"1510"	"limb_grl"	200	"femur_grl"	118
"1511"	"limb_grl"	201	"femur_grl"	119
"1512"	"limb_grl"	202	"femur_grl"	121
"1513"	"limb_grl"	203	"femur_grl"	122
"1514"	"limb_grl"	204	"femur_grl"	123
"1515"	"limb_grl"	205	"femur_grl"	124
"1516"	"limb_grl"	207	"femur_grl"	125
"1517"	"limb_grl"	212	"femur_grl"	126
"1518"	"limb_grl"	215	"femur_grl"	127
"1519"	"limb_grl"	216	"femur_grl"	128
"1520"	"limb_grl"	219	"femur_grl"	129
"1521"	"limb_grl"	1	"FI_grl"	2
"1522"	"limb_grl"	17	"FI_grl"	9
"1523"	"limb_grl"	18	"FI_grl"	9
"1524"	"limb_grl"	56	"FI_grl"	20
"1525"	"limb_grl"	64	"FI_grl"	21
"1526"	"limb_grl"	70	"FI_grl"	23
"1527"	"limb_grl"	87	"FI_grl"	28
"1528"	"limb_grl"	99	"FI_grl"	29
"1529"	"limb_grl"	107	"FI_grl"	30
"1530"	"limb_grl"	111	"FI_grl"	31
"1531"	"limb_grl"	132	"FI_grl"	40
"1532"	"limb_grl"	134	"FI_grl"	42
"1533"	"limb_grl"	140	"FI_grl"	46
"1534"	"limb_grl"	149	"FI_grl"	48
"1535"	"limb_grl"	151	"FI_grl"	49
"1536"	"limb_grl"	152	"FI_grl"	50
"1537"	"limb_grl"	180	"FI_grl"	58
"1538"	"limb_grl"	195	"FI_grl"	62
"1539"	"limb_grl"	196	"FI_grl"	63
"1540"	"limb_grl"	206	"FI_grl"	64
"1541"	"limb_grl"	218	"FI_grl"	67
"1542"	"limb_grl"	1	"forearm_grl"	1
"1543"	"limb_grl"	2	"forearm_grl"	2
"1544"	"limb_grl"	4	"forearm_grl"	3
"1545"	"limb_grl"	6	"forearm_grl"	4
"1546"	"limb_grl"	8	"forearm_grl"	5
"1547"	"limb_grl"	10	"forearm_grl"	6
"1548"	"limb_grl"	11	"forearm_grl"	7
"1549"	"limb_grl"	12	"forearm_grl"	8
"1550"	"limb_grl"	13	"forearm_grl"	10
"1551"	"limb_grl"	15	"forearm_grl"	11
"1552"	"limb_grl"	16	"forearm_grl"	12
"1553"	"limb_grl"	19	"forearm_grl"	13
"1554"	"limb_grl"	22	"forearm_grl"	14
"1555"	"limb_grl"	23	"forearm_grl"	15
"1556"	"limb_grl"	24	"forearm_grl"	16
"1557"	"limb_grl"	25	"forearm_grl"	17
"1558"	"limb_grl"	26	"forearm_grl"	18
"1559"	"limb_grl"	28	"forearm_grl"	19
"1560"	"limb_grl"	31	"forearm_grl"	20
"1561"	"limb_grl"	39	"forearm_grl"	21
"1562"	"limb_grl"	40	"forearm_grl"	22
"1563"	"limb_grl"	41	"forearm_grl"	23
"1564"	"limb_grl"	42	"forearm_grl"	24
"1565"	"limb_grl"	46	"forearm_grl"	25
"1566"	"limb_grl"	47	"forearm_grl"	26
"1567"	"limb_grl"	50	"forearm_grl"	27
"1568"	"limb_grl"	53	"forearm_grl"	28
"1569"	"limb_grl"	54	"forearm_grl"	29
"1570"	"limb_grl"	55	"forearm_grl"	30
"1571"	"limb_grl"	56	"forearm_grl"	31
"1572"	"limb_grl"	64	"forearm_grl"	32
"1573"	"limb_grl"	65	"forearm_grl"	33
"1574"	"limb_grl"	73	"forearm_grl"	34
"1575"	"limb_grl"	74	"forearm_grl"	35
"1576"	"limb_grl"	78	"forearm_grl"	37
"1577"	"limb_grl"	79	"forearm_grl"	38
"1578"	"limb_grl"	80	"forearm_grl"	39
"1579"	"limb_grl"	82	"forearm_grl"	40
"1580"	"limb_grl"	85	"forearm_grl"	41
"1581"	"limb_grl"	87	"forearm_grl"	42
"1582"	"limb_grl"	89	"forearm_grl"	43
"1583"	"limb_grl"	92	"forearm_grl"	44
"1584"	"limb_grl"	93	"forearm_grl"	45
"1585"	"limb_grl"	94	"forearm_grl"	46
"1586"	"limb_grl"	95	"forearm_grl"	47
"1587"	"limb_grl"	95	"forearm_grl"	48
"1588"	"limb_grl"	98	"forearm_grl"	50
"1589"	"limb_grl"	100	"forearm_grl"	51
"1590"	"limb_grl"	102	"forearm_grl"	52
"1591"	"limb_grl"	104	"forearm_grl"	54
"1592"	"limb_grl"	107	"forearm_grl"	55
"1593"	"limb_grl"	109	"forearm_grl"	57
"1594"	"limb_grl"	111	"forearm_grl"	58
"1595"	"limb_grl"	112	"forearm_grl"	59
"1596"	"limb_grl"	113	"forearm_grl"	61
"1597"	"limb_grl"	114	"forearm_grl"	62
"1598"	"limb_grl"	117	"forearm_grl"	63
"1599"	"limb_grl"	118	"forearm_grl"	64
"1600"	"limb_grl"	119	"forearm_grl"	65
"1601"	"limb_grl"	121	"forearm_grl"	66
"1602"	"limb_grl"	124	"forearm_grl"	67
"1603"	"limb_grl"	129	"forearm_grl"	68
"1604"	"limb_grl"	132	"forearm_grl"	69
"1605"	"limb_grl"	133	"forearm_grl"	70
"1606"	"limb_grl"	134	"forearm_grl"	71
"1607"	"limb_grl"	140	"forearm_grl"	72
"1608"	"limb_grl"	141	"forearm_grl"	73
"1609"	"limb_grl"	142	"forearm_grl"	74
"1610"	"limb_grl"	144	"forearm_grl"	75
"1611"	"limb_grl"	145	"forearm_grl"	76
"1612"	"limb_grl"	146	"forearm_grl"	77
"1613"	"limb_grl"	150	"forearm_grl"	78
"1614"	"limb_grl"	152	"forearm_grl"	79
"1615"	"limb_grl"	154	"forearm_grl"	80
"1616"	"limb_grl"	155	"forearm_grl"	81
"1617"	"limb_grl"	159	"forearm_grl"	82
"1618"	"limb_grl"	163	"forearm_grl"	83
"1619"	"limb_grl"	164	"forearm_grl"	84
"1620"	"limb_grl"	165	"forearm_grl"	85
"1621"	"limb_grl"	166	"forearm_grl"	86
"1622"	"limb_grl"	169	"forearm_grl"	87
"1623"	"limb_grl"	172	"forearm_grl"	88
"1624"	"limb_grl"	173	"forearm_grl"	89
"1625"	"limb_grl"	175	"forearm_grl"	90
"1626"	"limb_grl"	176	"forearm_grl"	91
"1627"	"limb_grl"	177	"forearm_grl"	92
"1628"	"limb_grl"	178	"forearm_grl"	93
"1629"	"limb_grl"	182	"forearm_grl"	94
"1630"	"limb_grl"	184	"forearm_grl"	95
"1631"	"limb_grl"	193	"forearm_grl"	96
"1632"	"limb_grl"	196	"forearm_grl"	97
"1633"	"limb_grl"	198	"forearm_grl"	98
"1634"	"limb_grl"	198	"forearm_grl"	99
"1635"	"limb_grl"	202	"forearm_grl"	100
"1636"	"limb_grl"	204	"forearm_grl"	101
"1637"	"limb_grl"	207	"forearm_grl"	102
"1638"	"limb_grl"	208	"forearm_grl"	103
"1639"	"limb_grl"	218	"forearm_grl"	104
"1640"	"limb_grl"	219	"forearm_grl"	105
"1641"	"limb_grl"	223	"forearm_grl"	106
"1642"	"limb_grl"	224	"forearm_grl"	107
"1643"	"limb_grl"	226	"forearm_grl"	108
"1644"	"limb_grl"	1	"height_grl"	3
"1645"	"limb_grl"	1	"height_grl"	4
"1646"	"limb_grl"	2	"height_grl"	6
"1647"	"limb_grl"	3	"height_grl"	10
"1648"	"limb_grl"	4	"height_grl"	18
"1649"	"limb_grl"	4	"height_grl"	19
"1650"	"limb_grl"	5	"height_grl"	22
"1651"	"limb_grl"	6	"height_grl"	24
"1652"	"limb_grl"	7	"height_grl"	32
"1653"	"limb_grl"	8	"height_grl"	34
"1654"	"limb_grl"	9	"height_grl"	35
"1655"	"limb_grl"	10	"height_grl"	38
"1656"	"limb_grl"	11	"height_grl"	39
"1657"	"limb_grl"	12	"height_grl"	42
"1658"	"limb_grl"	13	"height_grl"	49
"1659"	"limb_grl"	14	"height_grl"	51
"1660"	"limb_grl"	15	"height_grl"	54
"1661"	"limb_grl"	16	"height_grl"	65
"1662"	"limb_grl"	16	"height_grl"	66
"1663"	"limb_grl"	17	"height_grl"	66
"1664"	"limb_grl"	18	"height_grl"	67
"1665"	"limb_grl"	19	"height_grl"	70
"1666"	"limb_grl"	20	"height_grl"	82
"1667"	"limb_grl"	21	"height_grl"	83
"1668"	"limb_grl"	22	"height_grl"	83
"1669"	"limb_grl"	23	"height_grl"	86
"1670"	"limb_grl"	24	"height_grl"	87
"1671"	"limb_grl"	25	"height_grl"	88
"1672"	"limb_grl"	26	"height_grl"	90
"1673"	"limb_grl"	27	"height_grl"	90
"1674"	"limb_grl"	28	"height_grl"	92
"1675"	"limb_grl"	29	"height_grl"	99
"1676"	"limb_grl"	30	"height_grl"	102
"1677"	"limb_grl"	30	"height_grl"	103
"1678"	"limb_grl"	31	"height_grl"	107
"1679"	"limb_grl"	32	"height_grl"	111
"1680"	"limb_grl"	33	"height_grl"	116
"1681"	"limb_grl"	34	"height_grl"	120
"1682"	"limb_grl"	35	"height_grl"	121
"1683"	"limb_grl"	36	"height_grl"	131
"1684"	"limb_grl"	37	"height_grl"	137
"1685"	"limb_grl"	38	"height_grl"	138
"1686"	"limb_grl"	39	"height_grl"	138
"1687"	"limb_grl"	40	"height_grl"	141
"1688"	"limb_grl"	41	"height_grl"	142
"1689"	"limb_grl"	42	"height_grl"	143
"1690"	"limb_grl"	43	"height_grl"	145
"1691"	"limb_grl"	44	"height_grl"	151
"1692"	"limb_grl"	44	"height_grl"	152
"1693"	"limb_grl"	45	"height_grl"	164
"1694"	"limb_grl"	46	"height_grl"	164
"1695"	"limb_grl"	47	"height_grl"	164
"1696"	"limb_grl"	48	"height_grl"	165
"1697"	"limb_grl"	49	"height_grl"	167
"1698"	"limb_grl"	50	"height_grl"	169
"1699"	"limb_grl"	50	"height_grl"	170
"1700"	"limb_grl"	51	"height_grl"	176
"1701"	"limb_grl"	52	"height_grl"	177
"1702"	"limb_grl"	53	"height_grl"	183
"1703"	"limb_grl"	54	"height_grl"	185
"1704"	"limb_grl"	55	"height_grl"	186
"1705"	"limb_grl"	56	"height_grl"	188
"1706"	"limb_grl"	57	"height_grl"	195
"1707"	"limb_grl"	58	"height_grl"	199
"1708"	"limb_grl"	59	"height_grl"	200
"1709"	"limb_grl"	60	"height_grl"	204
"1710"	"limb_grl"	61	"height_grl"	206
"1711"	"limb_grl"	62	"height_grl"	207
"1712"	"limb_grl"	63	"height_grl"	209
"1713"	"limb_grl"	64	"height_grl"	211
"1714"	"limb_grl"	65	"height_grl"	217
"1715"	"limb_grl"	66	"height_grl"	219
"1716"	"limb_grl"	67	"height_grl"	220
"1717"	"limb_grl"	68	"height_grl"	222
"1718"	"limb_grl"	69	"height_grl"	228
"1719"	"limb_grl"	70	"height_grl"	229
"1720"	"limb_grl"	71	"height_grl"	230
"1721"	"limb_grl"	72	"height_grl"	241
"1722"	"limb_grl"	73	"height_grl"	241
"1723"	"limb_grl"	74	"height_grl"	255
"1724"	"limb_grl"	75	"height_grl"	263
"1725"	"limb_grl"	76	"height_grl"	269
"1726"	"limb_grl"	77	"height_grl"	274
"1727"	"limb_grl"	78	"height_grl"	279
"1728"	"limb_grl"	79	"height_grl"	281
"1729"	"limb_grl"	80	"height_grl"	286
"1730"	"limb_grl"	81	"height_grl"	287
"1731"	"limb_grl"	82	"height_grl"	287
"1732"	"limb_grl"	83	"height_grl"	288
"1733"	"limb_grl"	83	"height_grl"	289
"1734"	"limb_grl"	84	"height_grl"	294
"1735"	"limb_grl"	85	"height_grl"	298
"1736"	"limb_grl"	86	"height_grl"	301
"1737"	"limb_grl"	87	"height_grl"	302
"1738"	"limb_grl"	88	"height_grl"	304
"1739"	"limb_grl"	89	"height_grl"	305
"1740"	"limb_grl"	90	"height_grl"	305
"1741"	"limb_grl"	91	"height_grl"	307
"1742"	"limb_grl"	92	"height_grl"	308
"1743"	"limb_grl"	93	"height_grl"	310
"1744"	"limb_grl"	93	"height_grl"	311
"1745"	"limb_grl"	94	"height_grl"	314
"1746"	"limb_grl"	95	"height_grl"	315
"1747"	"limb_grl"	96	"height_grl"	328
"1748"	"limb_grl"	97	"height_grl"	329
"1749"	"limb_grl"	98	"height_grl"	333
"1750"	"limb_grl"	99	"height_grl"	339
"1751"	"limb_grl"	100	"height_grl"	340
"1752"	"limb_grl"	101	"height_grl"	346
"1753"	"limb_grl"	102	"height_grl"	349
"1754"	"limb_grl"	103	"height_grl"	356
"1755"	"limb_grl"	104	"height_grl"	357
"1756"	"limb_grl"	105	"height_grl"	360
"1757"	"limb_grl"	106	"height_grl"	361
"1758"	"limb_grl"	107	"height_grl"	364
"1759"	"limb_grl"	107	"height_grl"	365
"1760"	"limb_grl"	108	"height_grl"	367
"1761"	"limb_grl"	109	"height_grl"	370
"1762"	"limb_grl"	110	"height_grl"	377
"1763"	"limb_grl"	110	"height_grl"	378
"1764"	"limb_grl"	111	"height_grl"	389
"1765"	"limb_grl"	111	"height_grl"	390
"1766"	"limb_grl"	112	"height_grl"	391
"1767"	"limb_grl"	113	"height_grl"	399
"1768"	"limb_grl"	114	"height_grl"	404
"1769"	"limb_grl"	115	"height_grl"	414
"1770"	"limb_grl"	116	"height_grl"	414
"1771"	"limb_grl"	117	"height_grl"	421
"1772"	"limb_grl"	118	"height_grl"	423
"1773"	"limb_grl"	119	"height_grl"	431
"1774"	"limb_grl"	120	"height_grl"	440
"1775"	"limb_grl"	121	"height_grl"	445
"1776"	"limb_grl"	122	"height_grl"	447
"1777"	"limb_grl"	123	"height_grl"	449
"1778"	"limb_grl"	124	"height_grl"	455
"1779"	"limb_grl"	125	"height_grl"	463
"1780"	"limb_grl"	126	"height_grl"	466
"1781"	"limb_grl"	127	"height_grl"	469
"1782"	"limb_grl"	128	"height_grl"	469
"1783"	"limb_grl"	129	"height_grl"	473
"1784"	"limb_grl"	130	"height_grl"	474
"1785"	"limb_grl"	131	"height_grl"	476
"1786"	"limb_grl"	132	"height_grl"	485
"1787"	"limb_grl"	133	"height_grl"	488
"1788"	"limb_grl"	134	"height_grl"	493
"1789"	"limb_grl"	135	"height_grl"	501
"1790"	"limb_grl"	136	"height_grl"	511
"1791"	"limb_grl"	137	"height_grl"	515
"1792"	"limb_grl"	138	"height_grl"	519
"1793"	"limb_grl"	139	"height_grl"	523
"1794"	"limb_grl"	140	"height_grl"	530
"1795"	"limb_grl"	141	"height_grl"	531
"1796"	"limb_grl"	142	"height_grl"	533
"1797"	"limb_grl"	143	"height_grl"	536
"1798"	"limb_grl"	143	"height_grl"	537
"1799"	"limb_grl"	144	"height_grl"	540
"1800"	"limb_grl"	145	"height_grl"	551
"1801"	"limb_grl"	146	"height_grl"	555
"1802"	"limb_grl"	147	"height_grl"	557
"1803"	"limb_grl"	148	"height_grl"	573
"1804"	"limb_grl"	149	"height_grl"	578
"1805"	"limb_grl"	150	"height_grl"	585
"1806"	"limb_grl"	151	"height_grl"	593
"1807"	"limb_grl"	152	"height_grl"	597
"1808"	"limb_grl"	153	"height_grl"	598
"1809"	"limb_grl"	154	"height_grl"	603
"1810"	"limb_grl"	155	"height_grl"	606
"1811"	"limb_grl"	156	"height_grl"	607
"1812"	"limb_grl"	156	"height_grl"	608
"1813"	"limb_grl"	157	"height_grl"	613
"1814"	"limb_grl"	158	"height_grl"	615
"1815"	"limb_grl"	159	"height_grl"	626
"1816"	"limb_grl"	160	"height_grl"	635
"1817"	"limb_grl"	161	"height_grl"	642
"1818"	"limb_grl"	162	"height_grl"	642
"1819"	"limb_grl"	163	"height_grl"	653
"1820"	"limb_grl"	164	"height_grl"	660
"1821"	"limb_grl"	165	"height_grl"	666
"1822"	"limb_grl"	166	"height_grl"	668
"1823"	"limb_grl"	167	"height_grl"	671
"1824"	"limb_grl"	168	"height_grl"	676
"1825"	"limb_grl"	169	"height_grl"	681
"1826"	"limb_grl"	170	"height_grl"	682
"1827"	"limb_grl"	171	"height_grl"	682
"1828"	"limb_grl"	171	"height_grl"	683
"1829"	"limb_grl"	172	"height_grl"	683
"1830"	"limb_grl"	173	"height_grl"	683
"1831"	"limb_grl"	174	"height_grl"	683
"1832"	"limb_grl"	175	"height_grl"	684
"1833"	"limb_grl"	176	"height_grl"	686
"1834"	"limb_grl"	177	"height_grl"	689
"1835"	"limb_grl"	178	"height_grl"	690
"1836"	"limb_grl"	179	"height_grl"	692
"1837"	"limb_grl"	180	"height_grl"	692
"1838"	"limb_grl"	181	"height_grl"	702
"1839"	"limb_grl"	182	"height_grl"	703
"1840"	"limb_grl"	183	"height_grl"	705
"1841"	"limb_grl"	184	"height_grl"	710
"1842"	"limb_grl"	185	"height_grl"	710
"1843"	"limb_grl"	186	"height_grl"	710
"1844"	"limb_grl"	187	"height_grl"	714
"1845"	"limb_grl"	188	"height_grl"	715
"1846"	"limb_grl"	189	"height_grl"	717
"1847"	"limb_grl"	190	"height_grl"	720
"1848"	"limb_grl"	190	"height_grl"	721
"1849"	"limb_grl"	191	"height_grl"	723
"1850"	"limb_grl"	192	"height_grl"	726
"1851"	"limb_grl"	193	"height_grl"	726
"1852"	"limb_grl"	194	"height_grl"	728
"1853"	"limb_grl"	195	"height_grl"	730
"1854"	"limb_grl"	196	"height_grl"	730
"1855"	"limb_grl"	197	"height_grl"	735
"1856"	"limb_grl"	198	"height_grl"	736
"1857"	"limb_grl"	198	"height_grl"	737
"1858"	"limb_grl"	199	"height_grl"	738
"1859"	"limb_grl"	200	"height_grl"	738
"1860"	"limb_grl"	201	"height_grl"	740
"1861"	"limb_grl"	202	"height_grl"	750
"1862"	"limb_grl"	203	"height_grl"	753
"1863"	"limb_grl"	204	"height_grl"	759
"1864"	"limb_grl"	205	"height_grl"	762
"1865"	"limb_grl"	206	"height_grl"	765
"1866"	"limb_grl"	207	"height_grl"	765
"1867"	"limb_grl"	208	"height_grl"	766
"1868"	"limb_grl"	209	"height_grl"	767
"1869"	"limb_grl"	210	"height_grl"	768
"1870"	"limb_grl"	210	"height_grl"	769
"1871"	"limb_grl"	211	"height_grl"	771
"1872"	"limb_grl"	212	"height_grl"	773
"1873"	"limb_grl"	213	"height_grl"	780
"1874"	"limb_grl"	214	"height_grl"	784
"1875"	"limb_grl"	215	"height_grl"	786
"1876"	"limb_grl"	216	"height_grl"	787
"1877"	"limb_grl"	217	"height_grl"	794
"1878"	"limb_grl"	218	"height_grl"	796
"1879"	"limb_grl"	219	"height_grl"	801
"1880"	"limb_grl"	220	"height_grl"	807
"1881"	"limb_grl"	220	"height_grl"	808
"1882"	"limb_grl"	221	"height_grl"	810
"1883"	"limb_grl"	222	"height_grl"	811
"1884"	"limb_grl"	223	"height_grl"	812
"1885"	"limb_grl"	224	"height_grl"	818
"1886"	"limb_grl"	225	"height_grl"	818
"1887"	"limb_grl"	225	"height_grl"	819
"1888"	"limb_grl"	226	"height_grl"	826
"1889"	"limb_grl"	4	"hip_grl"	3
"1890"	"limb_grl"	5	"hip_grl"	5
"1891"	"limb_grl"	7	"hip_grl"	6
"1892"	"limb_grl"	8	"hip_grl"	7
"1893"	"limb_grl"	14	"hip_grl"	10
"1894"	"limb_grl"	16	"hip_grl"	12
"1895"	"limb_grl"	17	"hip_grl"	12
"1896"	"limb_grl"	23	"hip_grl"	13
"1897"	"limb_grl"	29	"hip_grl"	15
"1898"	"limb_grl"	41	"hip_grl"	16
"1899"	"limb_grl"	50	"hip_grl"	17
"1900"	"limb_grl"	56	"hip_grl"	18
"1901"	"limb_grl"	60	"hip_grl"	20
"1902"	"limb_grl"	64	"hip_grl"	21
"1903"	"limb_grl"	70	"hip_grl"	22
"1904"	"limb_grl"	73	"hip_grl"	23
"1905"	"limb_grl"	83	"hip_grl"	25
"1906"	"limb_grl"	86	"hip_grl"	26
"1907"	"limb_grl"	87	"hip_grl"	27
"1908"	"limb_grl"	92	"hip_grl"	29
"1909"	"limb_grl"	94	"hip_grl"	30
"1910"	"limb_grl"	95	"hip_grl"	31
"1911"	"limb_grl"	99	"hip_grl"	33
"1912"	"limb_grl"	100	"hip_grl"	34
"1913"	"limb_grl"	101	"hip_grl"	35
"1914"	"limb_grl"	104	"hip_grl"	37
"1915"	"limb_grl"	109	"hip_grl"	38
"1916"	"limb_grl"	111	"hip_grl"	39
"1917"	"limb_grl"	114	"hip_grl"	40
"1918"	"limb_grl"	117	"hip_grl"	42
"1919"	"limb_grl"	118	"hip_grl"	43
"1920"	"limb_grl"	120	"hip_grl"	46
"1921"	"limb_grl"	128	"hip_grl"	47
"1922"	"limb_grl"	131	"hip_grl"	48
"1923"	"limb_grl"	138	"hip_grl"	53
"1924"	"limb_grl"	140	"hip_grl"	55
"1925"	"limb_grl"	143	"hip_grl"	56
"1926"	"limb_grl"	146	"hip_grl"	57
"1927"	"limb_grl"	150	"hip_grl"	58
"1928"	"limb_grl"	151	"hip_grl"	59
"1929"	"limb_grl"	153	"hip_grl"	62
"1930"	"limb_grl"	154	"hip_grl"	63
"1931"	"limb_grl"	155	"hip_grl"	64
"1932"	"limb_grl"	158	"hip_grl"	65
"1933"	"limb_grl"	159	"hip_grl"	66
"1934"	"limb_grl"	169	"hip_grl"	67
"1935"	"limb_grl"	176	"hip_grl"	68
"1936"	"limb_grl"	177	"hip_grl"	70
"1937"	"limb_grl"	178	"hip_grl"	71
"1938"	"limb_grl"	180	"hip_grl"	72
"1939"	"limb_grl"	190	"hip_grl"	74
"1940"	"limb_grl"	198	"hip_grl"	76
"1941"	"limb_grl"	206	"hip_grl"	80
"1942"	"limb_grl"	214	"hip_grl"	81
"1943"	"limb_grl"	218	"hip_grl"	83
"1944"	"limb_grl"	222	"hip_grl"	84
"1945"	"limb_grl"	2	"humerus_grl"	1
"1946"	"limb_grl"	12	"humerus_grl"	2
"1947"	"limb_grl"	13	"humerus_grl"	3
"1948"	"limb_grl"	14	"humerus_grl"	4
"1949"	"limb_grl"	15	"humerus_grl"	5
"1950"	"limb_grl"	16	"humerus_grl"	6
"1951"	"limb_grl"	17	"humerus_grl"	7
"1952"	"limb_grl"	19	"humerus_grl"	8
"1953"	"limb_grl"	20	"humerus_grl"	9
"1954"	"limb_grl"	22	"humerus_grl"	10
"1955"	"limb_grl"	23	"humerus_grl"	11
"1956"	"limb_grl"	25	"humerus_grl"	12
"1957"	"limb_grl"	28	"humerus_grl"	13
"1958"	"limb_grl"	36	"humerus_grl"	14
"1959"	"limb_grl"	39	"humerus_grl"	15
"1960"	"limb_grl"	40	"humerus_grl"	16
"1961"	"limb_grl"	42	"humerus_grl"	17
"1962"	"limb_grl"	44	"humerus_grl"	18
"1963"	"limb_grl"	47	"humerus_grl"	19
"1964"	"limb_grl"	48	"humerus_grl"	20
"1965"	"limb_grl"	49	"humerus_grl"	21
"1966"	"limb_grl"	50	"humerus_grl"	22
"1967"	"limb_grl"	53	"humerus_grl"	23
"1968"	"limb_grl"	54	"humerus_grl"	24
"1969"	"limb_grl"	55	"humerus_grl"	25
"1970"	"limb_grl"	56	"humerus_grl"	26
"1971"	"limb_grl"	58	"humerus_grl"	28
"1972"	"limb_grl"	63	"humerus_grl"	29
"1973"	"limb_grl"	64	"humerus_grl"	30
"1974"	"limb_grl"	65	"humerus_grl"	31
"1975"	"limb_grl"	66	"humerus_grl"	32
"1976"	"limb_grl"	68	"humerus_grl"	33
"1977"	"limb_grl"	69	"humerus_grl"	34
"1978"	"limb_grl"	70	"humerus_grl"	35
"1979"	"limb_grl"	71	"humerus_grl"	36
"1980"	"limb_grl"	73	"humerus_grl"	37
"1981"	"limb_grl"	74	"humerus_grl"	38
"1982"	"limb_grl"	78	"humerus_grl"	40
"1983"	"limb_grl"	79	"humerus_grl"	41
"1984"	"limb_grl"	80	"humerus_grl"	42
"1985"	"limb_grl"	82	"humerus_grl"	43
"1986"	"limb_grl"	85	"humerus_grl"	44
"1987"	"limb_grl"	88	"humerus_grl"	45
"1988"	"limb_grl"	91	"humerus_grl"	46
"1989"	"limb_grl"	93	"humerus_grl"	47
"1990"	"limb_grl"	94	"humerus_grl"	48
"1991"	"limb_grl"	95	"humerus_grl"	49
"1992"	"limb_grl"	97	"humerus_grl"	50
"1993"	"limb_grl"	98	"humerus_grl"	51
"1994"	"limb_grl"	99	"humerus_grl"	52
"1995"	"limb_grl"	100	"humerus_grl"	53
"1996"	"limb_grl"	102	"humerus_grl"	54
"1997"	"limb_grl"	104	"humerus_grl"	55
"1998"	"limb_grl"	109	"humerus_grl"	56
"1999"	"limb_grl"	110	"humerus_grl"	57
"2000"	"limb_grl"	111	"humerus_grl"	58
"2001"	"limb_grl"	112	"humerus_grl"	59
"2002"	"limb_grl"	114	"humerus_grl"	60
"2003"	"limb_grl"	115	"humerus_grl"	61
"2004"	"limb_grl"	119	"humerus_grl"	62
"2005"	"limb_grl"	121	"humerus_grl"	63
"2006"	"limb_grl"	123	"humerus_grl"	64
"2007"	"limb_grl"	124	"humerus_grl"	65
"2008"	"limb_grl"	125	"humerus_grl"	66
"2009"	"limb_grl"	126	"humerus_grl"	67
"2010"	"limb_grl"	129	"humerus_grl"	69
"2011"	"limb_grl"	134	"humerus_grl"	70
"2012"	"limb_grl"	137	"humerus_grl"	71
"2013"	"limb_grl"	141	"humerus_grl"	72
"2014"	"limb_grl"	144	"humerus_grl"	73
"2015"	"limb_grl"	145	"humerus_grl"	74
"2016"	"limb_grl"	146	"humerus_grl"	75
"2017"	"limb_grl"	150	"humerus_grl"	76
"2018"	"limb_grl"	152	"humerus_grl"	77
"2019"	"limb_grl"	153	"humerus_grl"	78
"2020"	"limb_grl"	155	"humerus_grl"	79
"2021"	"limb_grl"	156	"humerus_grl"	81
"2022"	"limb_grl"	159	"humerus_grl"	82
"2023"	"limb_grl"	163	"humerus_grl"	83
"2024"	"limb_grl"	164	"humerus_grl"	84
"2025"	"limb_grl"	165	"humerus_grl"	85
"2026"	"limb_grl"	166	"humerus_grl"	86
"2027"	"limb_grl"	167	"humerus_grl"	87
"2028"	"limb_grl"	168	"humerus_grl"	88
"2029"	"limb_grl"	169	"humerus_grl"	89
"2030"	"limb_grl"	170	"humerus_grl"	91
"2031"	"limb_grl"	172	"humerus_grl"	92
"2032"	"limb_grl"	175	"humerus_grl"	93
"2033"	"limb_grl"	176	"humerus_grl"	94
"2034"	"limb_grl"	177	"humerus_grl"	96
"2035"	"limb_grl"	178	"humerus_grl"	97
"2036"	"limb_grl"	185	"humerus_grl"	98
"2037"	"limb_grl"	189	"humerus_grl"	99
"2038"	"limb_grl"	194	"humerus_grl"	100
"2039"	"limb_grl"	196	"humerus_grl"	101
"2040"	"limb_grl"	198	"humerus_grl"	102
"2041"	"limb_grl"	202	"humerus_grl"	103
"2042"	"limb_grl"	207	"humerus_grl"	104
"2043"	"limb_grl"	209	"humerus_grl"	105
"2044"	"limb_grl"	212	"humerus_grl"	106
"2045"	"limb_grl"	215	"humerus_grl"	107
"2046"	"limb_grl"	216	"humerus_grl"	108
"2047"	"limb_grl"	217	"humerus_grl"	109
"2048"	"limb_grl"	219	"humerus_grl"	110
"2049"	"limb_grl"	28	"IC_grl"	9
"2050"	"limb_grl"	50	"IC_grl"	14
"2051"	"limb_grl"	56	"IC_grl"	15
"2052"	"limb_grl"	64	"IC_grl"	16
"2053"	"limb_grl"	69	"IC_grl"	17
"2054"	"limb_grl"	87	"IC_grl"	19
"2055"	"limb_grl"	99	"IC_grl"	20
"2056"	"limb_grl"	134	"IC_grl"	26
"2057"	"limb_grl"	140	"IC_grl"	29
"2058"	"limb_grl"	145	"IC_grl"	30
"2059"	"limb_grl"	151	"IC_grl"	32
"2060"	"limb_grl"	152	"IC_grl"	33
"2061"	"limb_grl"	161	"IC_grl"	36
"2062"	"limb_grl"	180	"IC_grl"	39
"2063"	"limb_grl"	190	"IC_grl"	42
"2064"	"limb_grl"	195	"IC_grl"	45
"2065"	"limb_grl"	196	"IC_grl"	46
"2066"	"limb_grl"	218	"IC_grl"	49
"2067"	"limb_grl"	1	"SA_grl"	2
"2068"	"limb_grl"	5	"SA_grl"	5
"2069"	"limb_grl"	46	"SA_grl"	19
"2070"	"limb_grl"	50	"SA_grl"	20
"2071"	"limb_grl"	55	"SA_grl"	21
"2072"	"limb_grl"	56	"SA_grl"	22
"2073"	"limb_grl"	64	"SA_grl"	23
"2074"	"limb_grl"	66	"SA_grl"	24
"2075"	"limb_grl"	70	"SA_grl"	25
"2076"	"limb_grl"	87	"SA_grl"	30
"2077"	"limb_grl"	99	"SA_grl"	33
"2078"	"limb_grl"	109	"SA_grl"	34
"2079"	"limb_grl"	111	"SA_grl"	37
"2080"	"limb_grl"	118	"SA_grl"	40
"2081"	"limb_grl"	125	"SA_grl"	44
"2082"	"limb_grl"	131	"SA_grl"	45
"2083"	"limb_grl"	134	"SA_grl"	47
"2084"	"limb_grl"	149	"SA_grl"	54
"2085"	"limb_grl"	151	"SA_grl"	57
"2086"	"limb_grl"	152	"SA_grl"	58
"2087"	"limb_grl"	155	"SA_grl"	61
"2088"	"limb_grl"	161	"SA_grl"	67
"2089"	"limb_grl"	190	"SA_grl"	73
"2090"	"limb_grl"	195	"SA_grl"	75
"2091"	"limb_grl"	196	"SA_grl"	76
"2092"	"limb_grl"	206	"SA_grl"	77
"2093"	"limb_grl"	207	"SA_grl"	78
"2094"	"limb_grl"	215	"SA_grl"	82
"2095"	"limb_grl"	218	"SA_grl"	83
"2096"	"limb_grl"	4	"shoulders_grl"	1
"2097"	"limb_grl"	8	"shoulders_grl"	2
"2098"	"limb_grl"	16	"shoulders_grl"	4
"2099"	"limb_grl"	17	"shoulders_grl"	5
"2100"	"limb_grl"	22	"shoulders_grl"	6
"2101"	"limb_grl"	24	"shoulders_grl"	7
"2102"	"limb_grl"	28	"shoulders_grl"	9
"2103"	"limb_grl"	41	"shoulders_grl"	10
"2104"	"limb_grl"	58	"shoulders_grl"	11
"2105"	"limb_grl"	64	"shoulders_grl"	12
"2106"	"limb_grl"	65	"shoulders_grl"	13
"2107"	"limb_grl"	68	"shoulders_grl"	14
"2108"	"limb_grl"	77	"shoulders_grl"	16
"2109"	"limb_grl"	78	"shoulders_grl"	17
"2110"	"limb_grl"	87	"shoulders_grl"	18
"2111"	"limb_grl"	94	"shoulders_grl"	19
"2112"	"limb_grl"	95	"shoulders_grl"	20
"2113"	"limb_grl"	99	"shoulders_grl"	22
"2114"	"limb_grl"	100	"shoulders_grl"	23
"2115"	"limb_grl"	101	"shoulders_grl"	24
"2116"	"limb_grl"	111	"shoulders_grl"	27
"2117"	"limb_grl"	119	"shoulders_grl"	28
"2118"	"limb_grl"	124	"shoulders_grl"	29
"2119"	"limb_grl"	128	"shoulders_grl"	31
"2120"	"limb_grl"	146	"shoulders_grl"	33
"2121"	"limb_grl"	146	"shoulders_grl"	34
"2122"	"limb_grl"	150	"shoulders_grl"	35
"2123"	"limb_grl"	152	"shoulders_grl"	36
"2124"	"limb_grl"	154	"shoulders_grl"	37
"2125"	"limb_grl"	159	"shoulders_grl"	39
"2126"	"limb_grl"	172	"shoulders_grl"	41
"2127"	"limb_grl"	177	"shoulders_grl"	42
"2128"	"limb_grl"	178	"shoulders_grl"	43
"2129"	"limb_grl"	182	"shoulders_grl"	44
"2130"	"limb_grl"	187	"shoulders_grl"	45
"2131"	"limb_grl"	193	"shoulders_grl"	48
"2132"	"limb_grl"	198	"shoulders_grl"	50
"2133"	"limb_grl"	216	"shoulders_grl"	53
"2134"	"limb_grl"	218	"shoulders_grl"	54
"2135"	"limb_grl"	1	"tibia_grl"	1
"2136"	"limb_grl"	2	"tibia_grl"	2
"2137"	"limb_grl"	6	"tibia_grl"	3
"2138"	"limb_grl"	7	"tibia_grl"	4
"2139"	"limb_grl"	11	"tibia_grl"	5
"2140"	"limb_grl"	12	"tibia_grl"	6
"2141"	"limb_grl"	13	"tibia_grl"	7
"2142"	"limb_grl"	15	"tibia_grl"	8
"2143"	"limb_grl"	16	"tibia_grl"	9
"2144"	"limb_grl"	19	"tibia_grl"	11
"2145"	"limb_grl"	20	"tibia_grl"	12
"2146"	"limb_grl"	22	"tibia_grl"	13
"2147"	"limb_grl"	23	"tibia_grl"	14
"2148"	"limb_grl"	24	"tibia_grl"	15
"2149"	"limb_grl"	25	"tibia_grl"	16
"2150"	"limb_grl"	27	"tibia_grl"	17
"2151"	"limb_grl"	28	"tibia_grl"	18
"2152"	"limb_grl"	32	"tibia_grl"	19
"2153"	"limb_grl"	35	"tibia_grl"	20
"2154"	"limb_grl"	39	"tibia_grl"	21
"2155"	"limb_grl"	40	"tibia_grl"	22
"2156"	"limb_grl"	41	"tibia_grl"	23
"2157"	"limb_grl"	42	"tibia_grl"	24
"2158"	"limb_grl"	46	"tibia_grl"	25
"2159"	"limb_grl"	47	"tibia_grl"	26
"2160"	"limb_grl"	50	"tibia_grl"	27
"2161"	"limb_grl"	52	"tibia_grl"	28
"2162"	"limb_grl"	53	"tibia_grl"	29
"2163"	"limb_grl"	55	"tibia_grl"	30
"2164"	"limb_grl"	56	"tibia_grl"	31
"2165"	"limb_grl"	57	"tibia_grl"	33
"2166"	"limb_grl"	61	"tibia_grl"	34
"2167"	"limb_grl"	62	"tibia_grl"	35
"2168"	"limb_grl"	64	"tibia_grl"	36
"2169"	"limb_grl"	67	"tibia_grl"	37
"2170"	"limb_grl"	70	"tibia_grl"	38
"2171"	"limb_grl"	73	"tibia_grl"	39
"2172"	"limb_grl"	74	"tibia_grl"	40
"2173"	"limb_grl"	77	"tibia_grl"	41
"2174"	"limb_grl"	78	"tibia_grl"	42
"2175"	"limb_grl"	81	"tibia_grl"	43
"2176"	"limb_grl"	82	"tibia_grl"	44
"2177"	"limb_grl"	83	"tibia_grl"	45
"2178"	"limb_grl"	85	"tibia_grl"	46
"2179"	"limb_grl"	87	"tibia_grl"	47
"2180"	"limb_grl"	88	"tibia_grl"	48
"2181"	"limb_grl"	89	"tibia_grl"	49
"2182"	"limb_grl"	92	"tibia_grl"	50
"2183"	"limb_grl"	93	"tibia_grl"	51
"2184"	"limb_grl"	94	"tibia_grl"	52
"2185"	"limb_grl"	95	"tibia_grl"	53
"2186"	"limb_grl"	95	"tibia_grl"	54
"2187"	"limb_grl"	97	"tibia_grl"	56
"2188"	"limb_grl"	98	"tibia_grl"	57
"2189"	"limb_grl"	100	"tibia_grl"	58
"2190"	"limb_grl"	103	"tibia_grl"	59
"2191"	"limb_grl"	107	"tibia_grl"	60
"2192"	"limb_grl"	108	"tibia_grl"	61
"2193"	"limb_grl"	109	"tibia_grl"	62
"2194"	"limb_grl"	110	"tibia_grl"	63
"2195"	"limb_grl"	111	"tibia_grl"	64
"2196"	"limb_grl"	112	"tibia_grl"	65
"2197"	"limb_grl"	113	"tibia_grl"	66
"2198"	"limb_grl"	114	"tibia_grl"	67
"2199"	"limb_grl"	115	"tibia_grl"	69
"2200"	"limb_grl"	117	"tibia_grl"	70
"2201"	"limb_grl"	118	"tibia_grl"	71
"2202"	"limb_grl"	119	"tibia_grl"	72
"2203"	"limb_grl"	121	"tibia_grl"	73
"2204"	"limb_grl"	122	"tibia_grl"	74
"2205"	"limb_grl"	125	"tibia_grl"	75
"2206"	"limb_grl"	128	"tibia_grl"	76
"2207"	"limb_grl"	129	"tibia_grl"	77
"2208"	"limb_grl"	132	"tibia_grl"	78
"2209"	"limb_grl"	133	"tibia_grl"	79
"2210"	"limb_grl"	137	"tibia_grl"	80
"2211"	"limb_grl"	140	"tibia_grl"	81
"2212"	"limb_grl"	141	"tibia_grl"	82
"2213"	"limb_grl"	143	"tibia_grl"	83
"2214"	"limb_grl"	144	"tibia_grl"	84
"2215"	"limb_grl"	145	"tibia_grl"	85
"2216"	"limb_grl"	146	"tibia_grl"	86
"2217"	"limb_grl"	147	"tibia_grl"	87
"2218"	"limb_grl"	148	"tibia_grl"	88
"2219"	"limb_grl"	149	"tibia_grl"	89
"2220"	"limb_grl"	150	"tibia_grl"	90
"2221"	"limb_grl"	152	"tibia_grl"	91
"2222"	"limb_grl"	155	"tibia_grl"	92
"2223"	"limb_grl"	157	"tibia_grl"	94
"2224"	"limb_grl"	159	"tibia_grl"	95
"2225"	"limb_grl"	162	"tibia_grl"	96
"2226"	"limb_grl"	163	"tibia_grl"	97
"2227"	"limb_grl"	164	"tibia_grl"	98
"2228"	"limb_grl"	165	"tibia_grl"	99
"2229"	"limb_grl"	166	"tibia_grl"	100
"2230"	"limb_grl"	169	"tibia_grl"	101
"2231"	"limb_grl"	170	"tibia_grl"	102
"2232"	"limb_grl"	172	"tibia_grl"	103
"2233"	"limb_grl"	175	"tibia_grl"	104
"2234"	"limb_grl"	176	"tibia_grl"	105
"2235"	"limb_grl"	177	"tibia_grl"	106
"2236"	"limb_grl"	178	"tibia_grl"	107
"2237"	"limb_grl"	182	"tibia_grl"	108
"2238"	"limb_grl"	184	"tibia_grl"	109
"2239"	"limb_grl"	188	"tibia_grl"	110
"2240"	"limb_grl"	193	"tibia_grl"	111
"2241"	"limb_grl"	195	"tibia_grl"	112
"2242"	"limb_grl"	196	"tibia_grl"	113
"2243"	"limb_grl"	197	"tibia_grl"	114
"2244"	"limb_grl"	198	"tibia_grl"	115
"2245"	"limb_grl"	198	"tibia_grl"	116
"2246"	"limb_grl"	199	"tibia_grl"	117
"2247"	"limb_grl"	202	"tibia_grl"	118
"2248"	"limb_grl"	203	"tibia_grl"	119
"2249"	"limb_grl"	204	"tibia_grl"	120
"2250"	"limb_grl"	205	"tibia_grl"	121
"2251"	"limb_grl"	207	"tibia_grl"	122
"2252"	"limb_grl"	208	"tibia_grl"	123
"2253"	"limb_grl"	209	"tibia_grl"	124
"2254"	"limb_grl"	212	"tibia_grl"	125
"2255"	"limb_grl"	216	"tibia_grl"	126
"2256"	"limb_grl"	219	"tibia_grl"	127
"2257"	"limb_grl"	223	"tibia_grl"	128
"2258"	"limb_grl"	224	"tibia_grl"	129
"2259"	"limb_grl"	225	"tibia_grl"	130
"2260"	"limb_grl"	226	"tibia_grl"	131
"2261"	"limb_grl"	4	"torso_grl"	1
"2262"	"limb_grl"	13	"torso_grl"	3
"2263"	"limb_grl"	22	"torso_grl"	5
"2264"	"limb_grl"	28	"torso_grl"	6
"2265"	"limb_grl"	38	"torso_grl"	7
"2266"	"limb_grl"	41	"torso_grl"	8
"2267"	"limb_grl"	46	"torso_grl"	11
"2268"	"limb_grl"	56	"torso_grl"	12
"2269"	"limb_grl"	58	"torso_grl"	13
"2270"	"limb_grl"	63	"torso_grl"	14
"2271"	"limb_grl"	64	"torso_grl"	15
"2272"	"limb_grl"	68	"torso_grl"	16
"2273"	"limb_grl"	70	"torso_grl"	18
"2274"	"limb_grl"	73	"torso_grl"	19
"2275"	"limb_grl"	74	"torso_grl"	20
"2276"	"limb_grl"	86	"torso_grl"	22
"2277"	"limb_grl"	87	"torso_grl"	23
"2278"	"limb_grl"	92	"torso_grl"	25
"2279"	"limb_grl"	93	"torso_grl"	26
"2280"	"limb_grl"	94	"torso_grl"	27
"2281"	"limb_grl"	95	"torso_grl"	28
"2282"	"limb_grl"	97	"torso_grl"	29
"2283"	"limb_grl"	99	"torso_grl"	30
"2284"	"limb_grl"	100	"torso_grl"	31
"2285"	"limb_grl"	101	"torso_grl"	32
"2286"	"limb_grl"	103	"torso_grl"	35
"2287"	"limb_grl"	104	"torso_grl"	36
"2288"	"limb_grl"	111	"torso_grl"	37
"2289"	"limb_grl"	118	"torso_grl"	39
"2290"	"limb_grl"	119	"torso_grl"	40
"2291"	"limb_grl"	121	"torso_grl"	41
"2292"	"limb_grl"	128	"torso_grl"	43
"2293"	"limb_grl"	129	"torso_grl"	44
"2294"	"limb_grl"	136	"torso_grl"	45
"2295"	"limb_grl"	147	"torso_grl"	48
"2296"	"limb_grl"	150	"torso_grl"	49
"2297"	"limb_grl"	154	"torso_grl"	50
"2298"	"limb_grl"	159	"torso_grl"	52
"2299"	"limb_grl"	163	"torso_grl"	53
"2300"	"limb_grl"	166	"torso_grl"	54
"2301"	"limb_grl"	175	"torso_grl"	55
"2302"	"limb_grl"	176	"torso_grl"	56
"2303"	"limb_grl"	177	"torso_grl"	57
"2304"	"limb_grl"	178	"torso_grl"	58
"2305"	"limb_grl"	179	"torso_grl"	59
"2306"	"limb_grl"	180	"torso_grl"	59
"2307"	"limb_grl"	196	"torso_grl"	60
"2308"	"limb_grl"	198	"torso_grl"	61
"2309"	"limb_grl"	207	"torso_grl"	64
"2310"	"limb_grl"	215	"torso_grl"	65
"2311"	"limb_grl"	216	"torso_grl"	66
"2312"	"limb_grl"	218	"torso_grl"	67
"2313"	"limb_grl"	1	"trunk_grl"	3
"2314"	"limb_grl"	2	"trunk_grl"	4
"2315"	"limb_grl"	4	"trunk_grl"	12
"2316"	"limb_grl"	5	"trunk_grl"	14
"2317"	"limb_grl"	6	"trunk_grl"	16
"2318"	"limb_grl"	7	"trunk_grl"	19
"2319"	"limb_grl"	8	"trunk_grl"	20
"2320"	"limb_grl"	9	"trunk_grl"	21
"2321"	"limb_grl"	11	"trunk_grl"	23
"2322"	"limb_grl"	12	"trunk_grl"	25
"2323"	"limb_grl"	13	"trunk_grl"	27
"2324"	"limb_grl"	14	"trunk_grl"	28
"2325"	"limb_grl"	15	"trunk_grl"	30
"2326"	"limb_grl"	16	"trunk_grl"	33
"2327"	"limb_grl"	17	"trunk_grl"	33
"2328"	"limb_grl"	19	"trunk_grl"	34
"2329"	"limb_grl"	21	"trunk_grl"	37
"2330"	"limb_grl"	22	"trunk_grl"	37
"2331"	"limb_grl"	23	"trunk_grl"	39
"2332"	"limb_grl"	24	"trunk_grl"	40
"2333"	"limb_grl"	26	"trunk_grl"	42
"2334"	"limb_grl"	28	"trunk_grl"	43
"2335"	"limb_grl"	29	"trunk_grl"	45
"2336"	"limb_grl"	30	"trunk_grl"	46
"2337"	"limb_grl"	32	"trunk_grl"	49
"2338"	"limb_grl"	34	"trunk_grl"	50
"2339"	"limb_grl"	35	"trunk_grl"	51
"2340"	"limb_grl"	38	"trunk_grl"	55
"2341"	"limb_grl"	39	"trunk_grl"	55
"2342"	"limb_grl"	41	"trunk_grl"	56
"2343"	"limb_grl"	42	"trunk_grl"	57
"2344"	"limb_grl"	44	"trunk_grl"	61
"2345"	"limb_grl"	45	"trunk_grl"	65
"2346"	"limb_grl"	46	"trunk_grl"	65
"2347"	"limb_grl"	47	"trunk_grl"	66
"2348"	"limb_grl"	48	"trunk_grl"	68
"2349"	"limb_grl"	50	"trunk_grl"	71
"2350"	"limb_grl"	51	"trunk_grl"	73
"2351"	"limb_grl"	53	"trunk_grl"	74
"2352"	"limb_grl"	54	"trunk_grl"	75
"2353"	"limb_grl"	55	"trunk_grl"	76
"2354"	"limb_grl"	56	"trunk_grl"	77
"2355"	"limb_grl"	57	"trunk_grl"	79
"2356"	"limb_grl"	58	"trunk_grl"	81
"2357"	"limb_grl"	59	"trunk_grl"	82
"2358"	"limb_grl"	60	"trunk_grl"	83
"2359"	"limb_grl"	62	"trunk_grl"	85
"2360"	"limb_grl"	63	"trunk_grl"	86
"2361"	"limb_grl"	64	"trunk_grl"	87
"2362"	"limb_grl"	65	"trunk_grl"	89
"2363"	"limb_grl"	67	"trunk_grl"	90
"2364"	"limb_grl"	68	"trunk_grl"	91
"2365"	"limb_grl"	70	"trunk_grl"	94
"2366"	"limb_grl"	71	"trunk_grl"	95
"2367"	"limb_grl"	72	"trunk_grl"	97
"2368"	"limb_grl"	73	"trunk_grl"	97
"2369"	"limb_grl"	74	"trunk_grl"	102
"2370"	"limb_grl"	75	"trunk_grl"	107
"2371"	"limb_grl"	77	"trunk_grl"	110
"2372"	"limb_grl"	79	"trunk_grl"	111
"2373"	"limb_grl"	81	"trunk_grl"	113
"2374"	"limb_grl"	83	"trunk_grl"	114
"2375"	"limb_grl"	86	"trunk_grl"	117
"2376"	"limb_grl"	87	"trunk_grl"	118
"2377"	"limb_grl"	88	"trunk_grl"	120
"2378"	"limb_grl"	90	"trunk_grl"	121
"2379"	"limb_grl"	91	"trunk_grl"	122
"2380"	"limb_grl"	92	"trunk_grl"	123
"2381"	"limb_grl"	93	"trunk_grl"	124
"2382"	"limb_grl"	94	"trunk_grl"	126
"2383"	"limb_grl"	95	"trunk_grl"	127
"2384"	"limb_grl"	96	"trunk_grl"	132
"2385"	"limb_grl"	97	"trunk_grl"	133
"2386"	"limb_grl"	97	"trunk_grl"	134
"2387"	"limb_grl"	98	"trunk_grl"	135
"2388"	"limb_grl"	99	"trunk_grl"	139
"2389"	"limb_grl"	100	"trunk_grl"	140
"2390"	"limb_grl"	101	"trunk_grl"	143
"2391"	"limb_grl"	102	"trunk_grl"	144
"2392"	"limb_grl"	103	"trunk_grl"	148
"2393"	"limb_grl"	104	"trunk_grl"	149
"2394"	"limb_grl"	105	"trunk_grl"	150
"2395"	"limb_grl"	107	"trunk_grl"	152
"2396"	"limb_grl"	108	"trunk_grl"	153
"2397"	"limb_grl"	109	"trunk_grl"	154
"2398"	"limb_grl"	110	"trunk_grl"	157
"2399"	"limb_grl"	111	"trunk_grl"	161
"2400"	"limb_grl"	112	"trunk_grl"	162
"2401"	"limb_grl"	114	"trunk_grl"	168
"2402"	"limb_grl"	115	"trunk_grl"	172
"2403"	"limb_grl"	118	"trunk_grl"	173
"2404"	"limb_grl"	119	"trunk_grl"	175
"2405"	"limb_grl"	120	"trunk_grl"	178
"2406"	"limb_grl"	121	"trunk_grl"	180
"2407"	"limb_grl"	122	"trunk_grl"	181
"2408"	"limb_grl"	123	"trunk_grl"	182
"2409"	"limb_grl"	123	"trunk_grl"	183
"2410"	"limb_grl"	124	"trunk_grl"	185
"2411"	"limb_grl"	125	"trunk_grl"	186
"2412"	"limb_grl"	126	"trunk_grl"	188
"2413"	"limb_grl"	127	"trunk_grl"	190
"2414"	"limb_grl"	128	"trunk_grl"	191
"2415"	"limb_grl"	129	"trunk_grl"	192
"2416"	"limb_grl"	130	"trunk_grl"	193
"2417"	"limb_grl"	131	"trunk_grl"	195
"2418"	"limb_grl"	132	"trunk_grl"	198
"2419"	"limb_grl"	133	"trunk_grl"	200
"2420"	"limb_grl"	134	"trunk_grl"	202
"2421"	"limb_grl"	135	"trunk_grl"	203
"2422"	"limb_grl"	136	"trunk_grl"	207
"2423"	"limb_grl"	137	"trunk_grl"	210
"2424"	"limb_grl"	138	"trunk_grl"	212
"2425"	"limb_grl"	140	"trunk_grl"	218
"2426"	"limb_grl"	143	"trunk_grl"	219
"2427"	"limb_grl"	145	"trunk_grl"	224
"2428"	"limb_grl"	146	"trunk_grl"	225
"2429"	"limb_grl"	147	"trunk_grl"	226
"2430"	"limb_grl"	148	"trunk_grl"	230
"2431"	"limb_grl"	149	"trunk_grl"	232
"2432"	"limb_grl"	150	"trunk_grl"	236
"2433"	"limb_grl"	151	"trunk_grl"	240
"2434"	"limb_grl"	152	"trunk_grl"	242
"2435"	"limb_grl"	153	"trunk_grl"	243
"2436"	"limb_grl"	154	"trunk_grl"	245
"2437"	"limb_grl"	155	"trunk_grl"	246
"2438"	"limb_grl"	157	"trunk_grl"	250
"2439"	"limb_grl"	158	"trunk_grl"	253
"2440"	"limb_grl"	159	"trunk_grl"	255
"2441"	"limb_grl"	160	"trunk_grl"	257
"2442"	"limb_grl"	161	"trunk_grl"	261
"2443"	"limb_grl"	162	"trunk_grl"	262
"2444"	"limb_grl"	163	"trunk_grl"	265
"2445"	"limb_grl"	165	"trunk_grl"	268
"2446"	"limb_grl"	166	"trunk_grl"	269
"2447"	"limb_grl"	169	"trunk_grl"	275
"2448"	"limb_grl"	172	"trunk_grl"	276
"2449"	"limb_grl"	173	"trunk_grl"	277
"2450"	"limb_grl"	175	"trunk_grl"	278
"2451"	"limb_grl"	176	"trunk_grl"	279
"2452"	"limb_grl"	177	"trunk_grl"	281
"2453"	"limb_grl"	178	"trunk_grl"	282
"2454"	"limb_grl"	179	"trunk_grl"	283
"2455"	"limb_grl"	180	"trunk_grl"	284
"2456"	"limb_grl"	185	"trunk_grl"	288
"2457"	"limb_grl"	186	"trunk_grl"	289
"2458"	"limb_grl"	187	"trunk_grl"	290
"2459"	"limb_grl"	189	"trunk_grl"	292
"2460"	"limb_grl"	190	"trunk_grl"	293
"2461"	"limb_grl"	192	"trunk_grl"	294
"2462"	"limb_grl"	192	"trunk_grl"	295
"2463"	"limb_grl"	193	"trunk_grl"	295
"2464"	"limb_grl"	194	"trunk_grl"	298
"2465"	"limb_grl"	195	"trunk_grl"	301
"2466"	"limb_grl"	196	"trunk_grl"	301
"2467"	"limb_grl"	197	"trunk_grl"	303
"2468"	"limb_grl"	198	"trunk_grl"	304
"2469"	"limb_grl"	198	"trunk_grl"	305
"2470"	"limb_grl"	199	"trunk_grl"	306
"2471"	"limb_grl"	200	"trunk_grl"	307
"2472"	"limb_grl"	202	"trunk_grl"	310
"2473"	"limb_grl"	206	"trunk_grl"	314
"2474"	"limb_grl"	207	"trunk_grl"	315
"2475"	"limb_grl"	208	"trunk_grl"	316
"2476"	"limb_grl"	209	"trunk_grl"	317
"2477"	"limb_grl"	210	"trunk_grl"	318
"2478"	"limb_grl"	211	"trunk_grl"	319
"2479"	"limb_grl"	212	"trunk_grl"	319
"2480"	"limb_grl"	214	"trunk_grl"	322
"2481"	"limb_grl"	215	"trunk_grl"	323
"2482"	"limb_grl"	216	"trunk_grl"	324
"2483"	"limb_grl"	217	"trunk_grl"	328
"2484"	"limb_grl"	218	"trunk_grl"	329
"2485"	"limb_grl"	219	"trunk_grl"	330
"2486"	"limb_grl"	224	"trunk_grl"	334
"2487"	"limb_grl"	1	"cortical_grl"	2
"2488"	"limb_grl"	17	"cortical_grl"	8
"2489"	"limb_grl"	18	"cortical_grl"	8
"2490"	"limb_grl"	50	"cortical_grl"	18
"2491"	"limb_grl"	56	"cortical_grl"	19
"2492"	"limb_grl"	64	"cortical_grl"	20
"2493"	"limb_grl"	69	"cortical_grl"	21
"2494"	"limb_grl"	70	"cortical_grl"	22
"2495"	"limb_grl"	87	"cortical_grl"	27
"2496"	"limb_grl"	99	"cortical_grl"	29
"2497"	"limb_grl"	107	"cortical_grl"	30
"2498"	"limb_grl"	111	"cortical_grl"	33
"2499"	"limb_grl"	131	"cortical_grl"	39
"2500"	"limb_grl"	134	"cortical_grl"	42
"2501"	"limb_grl"	140	"cortical_grl"	46
"2502"	"limb_grl"	149	"cortical_grl"	47
"2503"	"limb_grl"	151	"cortical_grl"	49
"2504"	"limb_grl"	152	"cortical_grl"	50
"2505"	"limb_grl"	155	"cortical_grl"	52
"2506"	"limb_grl"	161	"cortical_grl"	57
"2507"	"limb_grl"	180	"cortical_grl"	62
"2508"	"limb_grl"	190	"cortical_grl"	64
"2509"	"limb_grl"	195	"cortical_grl"	67
"2510"	"limb_grl"	196	"cortical_grl"	68
"2511"	"limb_grl"	206	"cortical_grl"	69
"2512"	"limb_grl"	218	"cortical_grl"	72
"2513"	"trunk_grl"	2	"cortical_grl"	1
"2514"	"trunk_grl"	3	"cortical_grl"	2
"2515"	"trunk_grl"	7	"cortical_grl"	3
"2516"	"trunk_grl"	16	"cortical_grl"	5
"2517"	"trunk_grl"	33	"cortical_grl"	8
"2518"	"trunk_grl"	41	"cortical_grl"	10
"2519"	"trunk_grl"	63	"cortical_grl"	17
"2520"	"trunk_grl"	71	"cortical_grl"	18
"2521"	"trunk_grl"	77	"cortical_grl"	19
"2522"	"trunk_grl"	87	"cortical_grl"	20
"2523"	"trunk_grl"	94	"cortical_grl"	22
"2524"	"trunk_grl"	103	"cortical_grl"	24
"2525"	"trunk_grl"	105	"cortical_grl"	25
"2526"	"trunk_grl"	118	"cortical_grl"	27
"2527"	"trunk_grl"	136	"cortical_grl"	28
"2528"	"trunk_grl"	137	"cortical_grl"	28
"2529"	"trunk_grl"	139	"cortical_grl"	29
"2530"	"trunk_grl"	152	"cortical_grl"	30
"2531"	"trunk_grl"	158	"cortical_grl"	31
"2532"	"trunk_grl"	159	"cortical_grl"	32
"2533"	"trunk_grl"	161	"cortical_grl"	33
"2534"	"trunk_grl"	195	"cortical_grl"	39
"2535"	"trunk_grl"	199	"cortical_grl"	41
"2536"	"trunk_grl"	202	"cortical_grl"	42
"2537"	"trunk_grl"	211	"cortical_grl"	44
"2538"	"trunk_grl"	214	"cortical_grl"	45
"2539"	"trunk_grl"	215	"cortical_grl"	45
"2540"	"trunk_grl"	218	"cortical_grl"	46
"2541"	"trunk_grl"	232	"cortical_grl"	47
"2542"	"trunk_grl"	239	"cortical_grl"	48
"2543"	"trunk_grl"	240	"cortical_grl"	49
"2544"	"trunk_grl"	242	"cortical_grl"	50
"2545"	"trunk_grl"	246	"cortical_grl"	52
"2546"	"trunk_grl"	248	"cortical_grl"	53
"2547"	"trunk_grl"	251	"cortical_grl"	55
"2548"	"trunk_grl"	261	"cortical_grl"	57
"2549"	"trunk_grl"	274	"cortical_grl"	61
"2550"	"trunk_grl"	284	"cortical_grl"	62
"2551"	"trunk_grl"	293	"cortical_grl"	64
"2552"	"trunk_grl"	301	"cortical_grl"	67
"2553"	"trunk_grl"	301	"cortical_grl"	68
"2554"	"trunk_grl"	314	"cortical_grl"	69
"2555"	"trunk_grl"	329	"cortical_grl"	72
"2556"	"trunk_grl"	330	"cortical_grl"	73
"2557"	"trunk_grl"	335	"cortical_grl"	74
